Feature ID	Taxon	Confidence
0022477e362a53fe5d59c368175add66	d__Bacteria; p__Bacteroidota; c__Bacteroidia; o__Cytophagales_B; f__Spirosomataceae	0.974297847779237
00275677523da1f67fd08c0c8027d185	d__Bacteria; p__Pseudomonadota; c__Alphaproteobacteria; o__Micavibrionales; f__Micavibrionaceae; g__UBA9664; s__UBA9664 sp002699085	0.9999999996245492
008f57d337da55f02bc8e8f42b595cb0	d__Bacteria; p__Pseudomonadota; c__Gammaproteobacteria; o__Xanthomonadales; f__Xanthomonadaceae; g__Luteimonas_D; s__Luteimonas_D aestuarii	0.9991998363908812
00af7331da042994f12ce35197e28bc6	d__Bacteria; p__Actinomycetota; c__Thermoleophilia; o__Gaiellales; f__Gaiellaceae; g__Gaiella; s__Gaiella occulta	0.7587436695043616
00c1044866049bb03a0785c861a5bbe9	d__Bacteria; p__Bacteroidota; c__Bacteroidia; o__Bacteroidales; f__Dysgonomonadaceae; g__Proteiniphilum	0.9999987373106743
0133beae0202394eae30a6898160be2d	d__Bacteria; p__Verrucomicrobiota; c__Lentisphaeria; o__Victivallales; f__Victivallaceae; g__Victivallis; s__Victivallis vadensis	0.9802562047882054
01c4e0a739e9a6d2e2ba076c82631bb4	d__Bacteria; p__Bacillota_A_368345; c__Clostridia_258483; o__Peptostreptococcales; f__Peptostreptococcaceae_256921	0.9093138319671256
01f926415db9a50d57a5b7ecc91d7d97	d__Bacteria; p__Bacteroidota; c__Bacteroidia; o__Sphingobacteriales; f__Sphingobacteriaceae; g__Sphingobacterium	0.996792433657418
0222d3a73fafa53c994878a023dc1efc	d__Bacteria; p__Actinomycetota; c__Thermoleophilia; o__Gaiellales; f__Gaiellaceae; g__Gaiella; s__	0.9909577447271393
02352a84c469742f276805d4af064c52	d__Bacteria; p__Planctomycetota; c__Planctomycetia; o__Isosphaerales; f__Isosphaeraceae; g__Singulisphaera; s__Singulisphaera rosea	0.7987318823690994
02865fa5fe753f8e5aa4d6d290b46f85	d__Bacteria; p__Bacteroidota; c__Bacteroidia; o__Sphingobacteriales; f__Sphingobacteriaceae; g__Parapedobacter	0.9999622764316602
0296acb725f338c6922fac360e6cd2ac	d__Bacteria; p__Pseudomonadota; c__Alphaproteobacteria; o__Rhodobacterales; f__Rhodobacteraceae	0.9999681517159731
02a0034d0648416e8f42db3cb38773e9	d__Bacteria; p__Myxococcota_A_473307; c__Myxococcia; o__Myxococcales; f__Myxococcaceae	0.9999980954665946
03166b5768d4539af62a178020cd281d	d__Bacteria; p__Pseudomonadota; c__Gammaproteobacteria; o__Enterobacterales_737866; f__Shewanellaceae; g__Shewanella	0.9999997508159664
03172d047de19fbd134c34b1da69c9f8	d__Bacteria; p__Bacillota_I; c__Bacilli_A; o__Bacillales_D; f__Amphibacillaceae	0.7178029936192496
03309d66bbd1a016f94f87113f79db19	d__Bacteria; p__Bacillota_I; c__Bacilli_A; o__ML615J-28; f__CAG-698; g__UBA2253; s__UBA2253 sp002068415	0.999982578829339
034ecca4567aeca58e5cd72943d53bd6	d__Bacteria; p__Pseudomonadota; c__Alphaproteobacteria; o__Rhodobacterales; f__Rhodobacteraceae; g__Roseovarius_489642	0.9752342547612141
03eba8c46ddc1b7e6a0011b056674473	d__Bacteria; p__Pseudomonadota; c__Gammaproteobacteria; o__Burkholderiales	0.9999999999667144
040853ca35fdb2effaf179400be7e6a3	d__Bacteria; p__Bacteroidota; c__Bacteroidia; o__Chitinophagales; f__LD1; g__UBA7692; s__	0.9718992846362654
04740ac5ae7b19da797e30dede477033	d__Bacteria; p__Pseudomonadota; c__Gammaproteobacteria; o__Burkholderiales	0.9999994164210055
04e6b96f15a19c45ca5202efb8db6a62	d__Bacteria; p__Pseudomonadota; c__Gammaproteobacteria; o__Pseudomonadales_A_650612; f__Cellvibrionaceae; g__Marinagarivorans; s__Marinagarivorans algicola	0.9998969959444827
05454719d726200dfede744aad2a72f9	d__Bacteria; p__Pseudomonadota; c__Alphaproteobacteria; o__Kiloniellales_507436; f__DSM-21159; g__Fodinicurvata; s__Fodinicurvata halophila	0.9095488927755367
060fdbbfa61cbfb4d47350dc2a2019cd	d__Bacteria; p__Chloroflexota; c__Limnocylindria; o__Limnocylindrales; f__CSP1-4; g__GWC2-73-18; s__	0.9995900235306995
064eb98fbf28b93ef05ece3d7abda455	d__Bacteria; p__Bacillota_A_368345; c__Clostridia_258483; o__Lachnospirales; f__Lachnospiraceae	0.9999998230539493
06610acce0f155029552303c90f2e704	d__Bacteria; p__Bdellovibrionota_473306; c__Bacteriovoracia; o__Bacteriovoracales; f__Bacteriovoracaceae; g__Peredibacter; s__Peredibacter starrii	0.9999305619814604
066ed8bb896ec0f4a8c972277154d13b	d__Bacteria; p__Bacteroidota; c__Bacteroidia; o__Bacteroidales; f__Bacteroidaceae; g__Bacteroides_E_857960; s__Bacteroides_E_857960 coprosuis	0.9999883692630444
06a06cbd204ac106e037d9c0f735f4e6	d__Bacteria; p__Bacillota_I; c__Bacilli_A; o__Lactobacillales; f__Lactobacillaceae	0.9741763697342423
070d0368021aad6357a34cd4afcc0102	d__Bacteria; p__Bacteroidota; c__Bacteroidia; o__Cytophagales_B; f__Spirosomataceae; g__Leadbetterella_905429; s__Leadbetterella byssophila	0.9999999999876081
0740b917cfa7bf88c3cb626f0c7bc563	d__Bacteria; p__Bacillota_I; c__Bacilli_A; o__Bacillales_D; f__Amphibacillaceae	0.9388933616209011
075a7f20153a97f830cdca0ef5c53a12	d__Bacteria; p__Actinomycetota; c__Actinomycetes; o__Actinomycetales; f__Brevibacteriaceae; g__Brevibacterium; s__Brevibacterium senegalense	0.8916011773021667
0798f8b60a87aa196d5091690496a579	d__Bacteria; p__Bacillota_A_368345; c__Clostridia_258483; o__Christensenellales; f__Christensenellaceae; g__Christensenella; s__Christensenella hongkongensis	0.9998196879905896
07c256c634e54a8d685253d6271cd446	d__Bacteria; p__Actinomycetota; c__Actinomycetes; o__Actinomycetales; f__Demequinaceae; g__Demequina	0.993159356740252
084540fdb58df332433fb62cf7e61b54	d__Bacteria; p__Pseudomonadota; c__Gammaproteobacteria; o__Burkholderiales; f__Burkholderiaceae_A_595421; g__Comamonas_F_589250; s__	0.871183586023709
08b095fecf421a7e37168e7363a4a966	d__Bacteria; p__Bacillota_I; c__Bacilli_A; o__Brevibacillales; f__Brevibacillaceae; g__Brevibacillus_D_362672; s__Brevibacillus_D_362672 thermoruber	0.9998806427049973
08cc54292bbc3f6b5a7e0168e4e1247c	d__Bacteria; p__Actinomycetota; c__Actinomycetes; o__Actinomycetales; f__Microbacteriaceae; g__Marisediminicola	0.7609734780215136
08e37ec10dbb62dd0f911adba448ab67	d__Bacteria; p__Actinomycetota; c__Actinomycetes; o__Propionibacteriales; f__Nocardioidaceae; g__Nocardioides_A_392796	0.7868981112839443
08e3e654f718278e1ad599719280f972	d__Bacteria; p__Bacillota_I; c__Bacilli_A; o__Paenibacillales; f__Paenibacillaceae_367444; g__Paenibacillus_T_364413; s__Paenibacillus_T_364413 montaniterrae	0.9509439938100395
09089638a5c68ef701fbc501fb615f62	d__Bacteria; p__Bacillota_A_368345; c__Clostridia_258483; o__Lachnospirales; f__Anaerotignaceae	0.9999991383020138
094226930fb6d71f02c7b6124105e94b	d__Bacteria; p__Bacillota_I; c__Bacilli_A; o__Bacillales_B_306089; f__Bacillaceae_H_294103; g__Bacillus_P_294101	0.9997063840759467
095497fdb9eb5fcc0cde5814f149bd36	d__Bacteria; p__Bacteroidota; c__Bacteroidia; o__Flavobacteriales_B_877923; f__Flavobacteriaceae; g__Flavobacterium; s__Myroides ceti	0.9999997581572595
096f6e262eac07af816ec39f1dc91151	d__Bacteria; p__Bacillota_A_368345; c__Clostridia_258483; o__Lachnospirales; f__Cellulosilyticaceae; g__Cellulosilyticum; s__Cellulosilyticum ruminicola	0.9997777260926286
09eef43148b79954ace7efc3f6ea5689	d__Bacteria; p__Actinomycetota; c__Thermoleophilia; o__Solirubrobacterales; f__70-9; g__67-14; s__67-14 sp001897355	0.9057939022534947
09f2d94efe48bc6e531bf02b849223d4	d__Bacteria; p__Bacillota_I; c__Bacilli_A; o__MOL361; f__Turicibacteraceae; g__Turicibacter; s__Turicibacter bilis	0.9981974691422479
09f558ae9bced6d66b0039693b77f8af	d__Bacteria; p__Actinomycetota; c__Actinomycetes; o__Mycobacteriales; f__Mycobacteriaceae; g__Corynebacterium	0.9999999704517525
0a0b50624fad3dbddce63f1246d71e3c	d__Bacteria; p__Bacillota_A_368345; c__Clostridia_258483; o__Tissierellales; f__Tissierellaceae	0.9999999966004218
0a0f6881e8e084e551d36a46422d0893	d__Bacteria; p__Bacillota_A_368345; c__Clostridia_258483; o__Lachnospirales; f__Lachnospiraceae; g__Anaerocolumna; s__	0.9219794338477062
0a3e2b9bb3595239eed09836a00c3346	d__Bacteria; p__Pseudomonadota; c__Gammaproteobacteria	0.9999910060388879
0a5f8101603f5ac8ab7d5deadd2003f7	d__Bacteria; p__Actinomycetota; c__Actinomycetes; o__Actinomycetales; f__Microbacteriaceae; g__Leucobacter	0.8166267565138673
0a62b8c53902154f8c1224c811609091	d__Bacteria; p__Actinomycetota; c__Actinomycetes; o__Actinomycetales; f__Microbacteriaceae	0.999257171550207
0af85d90cedf5a3f858270235c9b52cb	d__Bacteria; p__Bacteroidota; c__Bacteroidia; o__Flavobacteriales_B_877923; f__Flavobacteriaceae; g__Flavobacterium	0.9999999999968309
0b390272b691f14343aa5008eceb2455	d__Bacteria; p__Spirochaetota; c__Spirochaetia; o__Treponematales; f__Treponemataceae; g__Treponema_D; s__	0.9999938138545653
0b79cf9c982b09e9fe6945abe3f56d88	d__Bacteria; p__Pseudomonadota; c__Gammaproteobacteria; o__Pseudomonadales_A_650611; f__Pseudomonadaceae; g__Halopseudomonas_650606; s__Halopseudomonas salegens	0.9942028181827658
0b7ed95f82ca2fa6a617da10a86906d6	d__Bacteria; p__Pseudomonadota; c__Gammaproteobacteria; o__Burkholderiales; f__Burkholderiaceae_A_595421; g__Lampropedia; s__Lampropedia hyalina	0.9583397733863414
0bd6a3af28cc3bcf1934e6f8bcb06514	d__Bacteria; p__Bacillota_I; c__Bacilli_A	0.9999360905979238
0bde99688547da5c4e18c96cede5320b	d__Bacteria; p__Actinomycetota; c__Actinomycetes; o__Propionibacteriales; f__Nocardioidaceae; g__Aeromicrobium	0.9741802930210496
0bfa03f19d0e7a70cee347f2d8677b00	d__Bacteria; p__Actinomycetota; c__Actinomycetes; o__Mycobacteriales; f__Mycobacteriaceae; g__Corynebacterium	0.9999999914495866
0c1666ef8973b7ee17183c4b76122937	d__Bacteria; p__Bacillota_I; c__Bacilli_A; o__Thermoactinomycetales_367745; f__Thermoactinomycetaceae_367745; g__Thermoactinomyces_A; s__Thermoactinomyces_A vulgaris	0.9994192402209907
0c2f7b2a768b7965d66ab74c379ad80b	d__Bacteria; p__Planctomycetota; c__Planctomycetia; o__Pirellulales; f__Pirellulaceae; g__Pirellula_B_754616; s__Pirellula_B_754616 sp001610875	0.9998168215933018
0ce356f26149ff3698ed3229f48cdbf5	d__Bacteria; p__Bacillota_A_368345; c__Clostridia_258483; o__Lachnospirales; f__Lachnospiraceae	0.9999999982450755
0d03c41c5394838f1271ef52743d3ee6	d__Bacteria; p__Bacillota_A_368345; c__Clostridia_258483; o__Lachnospirales; f__Cellulosilyticaceae; g__Cellulosilyticum; s__	0.9983594990982291
0d06e71ce78e75cd115406a5d1e84f7e	d__Bacteria; p__Campylobacterota_A; c__Campylobacteria; o__Campylobacterales; f__Arcobacteraceae; g__Aliarcobacter_475806; s__Aliarcobacter skirrowii	0.9989424373355866
0d2508498ea77db8224ea5b23ead964c	d__Bacteria; p__Pseudomonadota; c__Alphaproteobacteria; o__Caulobacterales; f__Caulobacteraceae; g__Brevundimonas; s__Brevundimonas naejangsanensis	0.973358554162957
0d4f8c7adeb1a4f9347c6b77a8b3f5f8	d__Bacteria; p__Bacillota_A_368345; c__Clostridia_258483; o__Lachnospirales; f__Lachnospiraceae; g__Blautia_A_142742; s__	0.9999932157860114
0d839370db69a774b85efc77e3a5331b	d__Bacteria; p__Pseudomonadota; c__Alphaproteobacteria; o__Micavibrionales; f__Micavibrionaceae; g__UBA1573; s__	0.9999999998910312
0d8cfebb1a306a616fcb0b57b4f283b7	d__Bacteria; p__Actinomycetota; c__Actinomycetes; o__Actinomycetales; f__Actinomycetaceae; g__Scrofimicrobium; s__Scrofimicrobium canadense	0.9999646014599656
0da5ff408bc2d45f5f4049d5b3339e1b	d__Bacteria; p__Bacillota_I; c__Bacilli_A; o__Bacillales_D; f__Amphibacillaceae; g__Virgibacillus_E_287324; s__Virgibacillus_E_287324 halodenitrificans	0.7459607626617578
0dae7f027dcb4343cccfdc3e9f3af153	d__Bacteria; p__Bacillota_A_368345; c__Clostridia_258483; o__Tissierellales; f__Sedimentibacteraceae; g__Sedimentibacter; s__Sedimentibacter hydroxybenzoicus	0.963494252570815
0dc8e0e89e89cf4f0c71808666f6c6e7	d__Bacteria; p__Pseudomonadota; c__Gammaproteobacteria; o__Pseudomonadales_A_650611; f__Pseudomonadaceae	0.9999999689785003
0e1830abfbd91acfcc2ba30035b6f80f	d__Bacteria; p__Bacillota_I; c__Bacilli_A; o__Lactobacillales; f__Vagococcaceae; g__Vagococcus_A; s__Vagococcus_A lutrae	0.9288470145207387
0e3c256f733f8976de04a25593cc6bf9	d__Bacteria; p__Bacillota_A_368345; c__Clostridia_258483; o__Oscillospirales; f__Oscillospiraceae_88309	0.9999993513807923
0e68a699515b5e08408aaee59b5e9608	d__Bacteria; p__Pseudomonadota; c__Gammaproteobacteria; o__Pseudomonadales_A_650611; f__Pseudomonadaceae; g__Pseudomonas_E_648040; s__Pseudomonas_E_648040 mangrovi	0.990576269863188
0e6a5adb6a970ec46ec73bb9d63feaa5	d__Bacteria; p__Planctomycetota; c__Planctomycetia; o__Planctomycetales; f__Planctomycetaceae; g__Planctomicrobium; s__Planctomicrobium piriforme	0.9999025682893542
0e88942f65a71e9a98695b06b816e5e5	d__Bacteria; p__Pseudomonadota; c__Gammaproteobacteria; o__Burkholderiales	0.9999999998705154
0e9c7046aa7b19e63bd8efa772b64340	d__Bacteria; p__Pseudomonadota; c__Alphaproteobacteria; o__Micavibrionales; f__UBA2020; g__JAPWJZ01; s__JAPWJZ01 sp004297545	0.9999999844802263
0eb8e63cb8f7cb7aa58b403dc29da7de	d__Bacteria; p__Pseudomonadota; c__Gammaproteobacteria; o__Pseudomonadales_A_660879; f__Moraxellaceae; g__Acinetobacter; s__Acinetobacter soli	0.8680610873625216
0f11dc7025c47b6393c493f086cc20bd	d__Bacteria; p__Bacillota_I; c__Bacilli_A; o__Erysipelotrichales; f__Erysipelotrichaceae; g__Erysipelothrix; s__	0.9999985130536515
0f2d4b23971944355504f4d70d4ac88c	d__Bacteria; p__Bacillota_I; c__Bacilli_A	0.9999140681223095
0f5f7693288de84f4ade2e6abaa2440f	d__Archaea; p__Thermoproteota; c__Nitrososphaeria_A; o__Nitrososphaerales; f__Nitrososphaeraceae; g__Nitrosocosmicus; s__Nitrosocosmicus hydrocola	0.9874586341247157
0f626570dd8320e6efa47f2ad84f90d1	d__Bacteria; p__Bacteroidota; c__Bacteroidia; o__Bacteroidales; f__Dysgonomonadaceae; g__Proteiniphilum; s__	0.998457524898267
0f894593a4d1e9c8b59eb8858edfa8cb	d__Bacteria; p__Pseudomonadota; c__Gammaproteobacteria; o__Pseudomonadales_A_650611; f__Pseudomonadaceae; g__Pseudomonas_H_648791; s__	0.9635485409604567
0f907d33bd483674432e5d29259eaae2	d__Bacteria; p__Pseudomonadota; c__Gammaproteobacteria; o__Pseudomonadales_A_650611; f__Pseudomonadaceae; g__Pseudomonas_E_648040; s__Pseudomonas_E_648040 sp001446935	0.9330146378130574
106883fc9b374d6e0980ef17bacd6e57	d__Bacteria; p__Actinomycetota; c__Actinomycetes; o__Actinomycetales; f__Actinomycetaceae; g__Scrofimicrobium; s__Scrofimicrobium canadense	0.9940464741897338
107aa7e6b56274803bffd1ccff5b2ee6	d__Bacteria; p__Pseudomonadota; c__Gammaproteobacteria; o__Pseudomonadales_A_660879; f__Moraxellaceae; g__Acinetobacter	0.9999999998913092
10a001a8635ad17cc54f858e184b3a32	d__Bacteria; p__Bacillota_A_368345; c__Clostridia_258483; o__; f__; g__; s__	0.952843892592762
10aa4868e5eeffdbdd6cf795d0a64adc	d__Bacteria; p__Pseudomonadota; c__Alphaproteobacteria; o__Rhizobiales_505101; f__Beijerinckiaceae; g__Methylobacterium	0.9999999709427433
1105eb1474516381f404eb6dcb63b0da	d__Bacteria; p__Bacillota_A_368345; c__Clostridia_258483; o__Christensenellales; f__Aristaeellaceae; g__SFMI01; s__	0.997950409754458
112121887246ceb9b2fa27818e1e2df5	d__Bacteria; p__Bacteroidota; c__Bacteroidia; o__Bacteroidales; f__Bacteroidaceae; g__Bacteroides_H_857956; s__	0.8817308688333123
117a8405e544d0a1672281e477e6b3e5	d__Bacteria; p__Actinomycetota; c__Actinomycetes; o__Mycobacteriales; f__Mycobacteriaceae; g__Gordonia_B_376796	0.9999044915640104
1180ef69c95a7c0064dcaa07a2997355	d__Bacteria; p__Actinomycetota; c__Actinomycetes; o__Actinomycetales; f__Actinomycetaceae; g__Flaviflexus	0.9975372301901675
1189d4ef3af60ba943cc73161a4097a9	d__Bacteria; p__Actinomycetota; c__Actinomycetes; o__Mycobacteriales; f__Mycobacteriaceae; g__Corynebacterium	0.9999999999158644
11a65e29bbe2beac7ab24179330756b6	d__Bacteria; p__Actinomycetota; c__Actinomycetes; o__Propionibacteriales; f__Nocardioidaceae; g__Aeromicrobium; s__Aeromicrobium piscarium	0.9008502994250096
11addefd8df52115701b0fcfe23646c2	d__Bacteria; p__Actinomycetota; c__Actinomycetes; o__Actinomycetales; f__Micrococcaceae; g__Enteractinococcus; s__Enteractinococcus coprophilus	0.7530143850438201
11b62f994bd2df6effe2093cc99f35f9	d__Bacteria; p__Bacillota_I; c__Bacilli_A; o__Bacillales_D; f__Amphibacillaceae; g__Pseudogracilibacillus	0.8537286532920053
11d0f83e588ef29922331145c2732483	d__Bacteria; p__Actinomycetota; c__Actinomycetes; o__Actinomycetales; f__Actinomycetaceae; g__; s__	0.9795971658126786
120fdc7913255519a5fb7db4f8f0772a	d__Bacteria; p__Planctomycetota; c__Planctomycetia; o__Isosphaerales; f__Isosphaeraceae; g__Singulisphaera	0.7485055287365787
12f5054a253f02c2d57c1cc135322bea	d__Bacteria; p__Actinomycetota; c__Actinomycetes; o__Actinomycetales; f__Cellulomonadaceae; g__Actinotalea	0.7401889729384202
1333c4d66b76323e6c51bdebebaab1e3	d__Bacteria; p__Pseudomonadota; c__Gammaproteobacteria; o__Xanthomonadales; f__Xanthomonadaceae	0.997824945794799
1357277b4f47cd8732a2707eca12fcdf	d__Bacteria; p__Bacillota_I; c__Bacilli_A; o__Lactobacillales; f__Lactobacillaceae; g__Leuconostoc_B	0.9999998293463557
13574621d8ab9e9740c7d8adb8bbec11	d__Bacteria; p__Bacillota_I; c__Bacilli_A; o__RFN20; f__CAG-826; g__UBA1361; s__UBA1361 sp002069815	0.8427352664347991
136c7191e0643043625a1268129bac61	d__Bacteria; p__Fusobacteriota; c__Fusobacteriia; o__Fusobacteriales; f__Fusobacteriaceae; g__Fusobacterium_A	0.9999842695752206
1371bd66dda2aa794b3c8494691e56be	d__Bacteria; p__Bacteroidota; c__Bacteroidia; o__Sphingobacteriales; f__Sphingobacteriaceae; g__Sphingobacterium; s__Sphingobacterium jejuense	0.9999980497692437
13946be049e22fc4b48f0b6d585e0076	d__Bacteria; p__Actinomycetota; c__Actinomycetes; o__Actinomycetales; f__Microbacteriaceae	0.9999986289021567
139ef25ae0342ddbd630a2b45e61558a	d__Bacteria; p__Pseudomonadota; c__Alphaproteobacteria; o__Rhodobacterales; f__Rhodobacteraceae	0.9999770089595317
13e3bc854e7d121c52be5bf46f7ee381	d__Bacteria; p__Pseudomonadota; c__Alphaproteobacteria; o__Rhodobacterales; f__Rhodobacteraceae	0.9985134297057522
13e6542cd9ac20d726d0c5552fefba5b	d__Bacteria; p__Acidobacteriota; c__Vicinamibacteria; o__Vicinamibacterales; f__UBA2999; g__WHSN01; s__	0.9999798602333575
13ed065f7c29d4ad4bd905e2dac77e19	d__Bacteria; p__Bacillota_A_368345; c__Clostridia_258483; o__Tissierellales; f__Proteiniboraceae; g__Proteiniborus	0.999999557704278
13fef2a64f5e53981755eab56a1b6379	d__Bacteria; p__Bacteroidota; c__Bacteroidia; o__Flavobacteriales_B_877923; f__Flavobacteriaceae; g__Flavobacterium; s__Myroides ceti	0.9424444517413925
1438d18ee635d7577c6af7ce7f1a9bd6	d__Bacteria; p__Actinomycetota; c__Actinomycetes; o__Actinomycetales; f__Beutenbergiaceae	0.9343606485561536
14ab991838c7002947166524dc78a355	d__Bacteria; p__Bacillota_I; c__Bacilli_A; o__Erysipelotrichales; f__Erysipelotrichaceae; g__Anaerorhabdus; s__Anaerorhabdus furcosa	0.9118555491685921
15a4c7b54d139a815a03e292e60e243b	d__Bacteria; p__Pseudomonadota; c__Gammaproteobacteria; o__Burkholderiales; f__Burkholderiaceae_A_595421	0.9999998328311034
15b9b653b862b0145a6250c320a6e699	d__Bacteria; p__Bacteroidota; c__Bacteroidia; o__Sphingobacteriales; f__Sphingobacteriaceae; g__Parapedobacter	0.9912646994568222
15f19c0648b076795f1e0def5a8be962	d__Bacteria; p__Pseudomonadota; c__Gammaproteobacteria; o__Pseudomonadales_A_641030; f__Halomonadaceae_641030; g__Vreelandella_640984	0.94377904887217
15f7d8954356d6f088cebd190ae96773	d__Bacteria; p__Bacillota_I; c__Bacilli_A; o__Thermoactinomycetales_367866; f__DSM-44946; g__Planifilum	0.9999940166909443
1603343ed7c2e542bb8add589421c29e	d__Bacteria; p__Bacteroidota; c__Bacteroidia; o__Flavobacteriales_B_877923; f__Weeksellaceae; g__Empedobacter; s__Empedobacter stercoris	0.7753249062934563
165bccc58c92df3082f632f58fce6896	d__Bacteria; p__Pseudomonadota; c__Alphaproteobacteria	0.9992394122222766
16899d21cf6ec43a0cb8e0639da5640e	d__Bacteria	0.9999999999999882
168e5d2d76bdb02cb9b237957f9121e3	d__Bacteria; p__Bacillota_A_368345; c__Clostridia_258483; o__Clostridiales; f__Clostridiaceae_222000; g__Clostridium_J	0.9999999821420117
1693b72fb96d3fa45f67065ef3445042	d__Bacteria; p__Actinomycetota; c__Actinomycetes; o__Mycobacteriales; f__Nakamurellaceae; g__Nakamurella; s__Nakamurella flavida	0.9662419462082097
16f484c7a1e93840ffc329f1d590e49c	d__Bacteria; p__Bacteroidota; c__Bacteroidia; o__Bacteroidales; f__Dysgonomonadaceae; g__Proteiniphilum	0.9999441673363029
16fa353ce7a1c55cfc25ea72f93b8486	d__Bacteria; p__Bacillota_A_368345; c__Clostridia_258483; o__Peptostreptococcales	0.8857060827764753
1700e4ebf44629beded18081bd489eca	d__Bacteria; p__Bacillota_I; c__Bacilli_A; o__Bacillales_B_306087; f__Caldibacillaceae; g__Bacillus_J_295379	0.8990467711417914
171cbc81d18c4af09e49a24d9538a1b9	d__Bacteria; p__Bacillota_A_368345; c__Clostridia_258483; o__Lachnospirales; f__Lachnospiraceae; g__Muricomes_149359; s__Muricomes intestini	0.9794298819532892
17a03b510c5b3c46f42e168bbaf5fb68	d__Bacteria; p__Actinomycetota; c__Actinomycetes; o__Actinomycetales; f__Microbacteriaceae	0.9989496924895597
17a0c31cbf30a07688c288db58ee6b5a	d__Bacteria; p__Pseudomonadota; c__Gammaproteobacteria; o__Pseudomonadales_A_650612; f__Porticoccaceae	0.953907802221503
17b235e132f97d41be8c6a4840d07ca8	d__Bacteria; p__Pseudomonadota; c__Alphaproteobacteria; o__Rhodobacterales; f__Rhodobacteraceae	0.9997352690958345
17be34aa660f830a3a3c5264836790ce	d__Bacteria	0.9999999999995857
17cc812929a4cd94ee2412f3e991ce79	d__Bacteria; p__Actinomycetota; c__Actinomycetes; o__Actinomycetales; f__Cellulomonadaceae; g__Cellulosimicrobium	0.9967019898420428
17ff9cd648045b208e728e2282d19bd6	d__Bacteria; p__Bacillota_A_368345; c__Clostridia_258483; o__Clostridiales; f__Clostridiaceae_222000; g__Clostridium_H_221916; s__Clostridium_H_221916 haemolyticum	0.9794995141174512
1846a98bcb0546d7363019ceba1e6047	d__Bacteria; p__Chloroflexota; c__Chloroflexia; o__Thermomicrobiales; f__; g__; s__	0.9999955276979157
18871653cbc638e9ea8d6e443c09d752	d__Bacteria; p__Actinomycetota; c__Actinomycetes; o__Actinomycetales; f__Micrococcaceae; g__Glutamicibacter	0.8490784925802096
19176c5ce61aff3fe37cf0c61959c202	d__Bacteria; p__Bacillota_I; c__Bacilli_A; o__Staphylococcales; f__; g__; s__	0.9731595538900969
19687eff3d8ed63d268378870a7061f5	d__Bacteria; p__Actinomycetota; c__Actinomycetes; o__Actinomycetales	0.9994670921807842
1968817365cfc981db2577dae885832b	d__Bacteria; p__Bacteroidota; c__Bacteroidia; o__Flavobacteriales_B_877923; f__Weeksellaceae; g__Moheibacter; s__	0.9999998980657859
19b02c07dbac4be0235a743f2307a3e2	d__Bacteria; p__Bdellovibrionota_473306; c__Bacteriovoracia; o__Bacteriovoracales; f__Bacteriovoracaceae; g__21-14-all-39-27; s__21-14-all-39-27 sp002786715	0.8739580143670205
19fca29c066199e55412772ebfa9dabf	d__Bacteria; p__Bacillota_A_368345; c__Clostridia_258483; o__Clostridiales; f__Clostridiaceae_222000; g__Clostridium_T; s__Clostridium_T chartatabidum	0.9068915343326225
1a03674af379df348d0d06814426495d	d__Bacteria; p__Bacillota_C; c__Negativicutes; o__Acidaminococcales; f__Acidaminococcaceae; g__Phascolarctobacterium_A_40086; s__Phascolarctobacterium_A_40086 faecium	0.9999992671089459
1a2de85ae051f8e6472d17ef4956758f	d__Bacteria; p__Pseudomonadota; c__Gammaproteobacteria; o__Pseudomonadales_A_650612; f__Cellvibrionaceae; g__Pseudomaricurvus; s__Pseudomaricurvus hydrocarbonicus	0.9988892911868025
1ac2156578cf39a547eab465ee1293fc	d__Bacteria; p__Bacteroidota; c__Bacteroidia; o__Sphingobacteriales; f__Sphingobacteriaceae; g__Sphingobacterium	0.9960339824206677
1ac342eb39d03cb2d30887fc7169761a	d__Bacteria; p__Bacillota_A_368345; c__Clostridia_258483; o__Eubacteriales; f__Garciellaceae; g__Rhabdanaerobium; s__Rhabdanaerobium thermarum	0.9994030172062308
1afd43e0c29d15d96549a8b12248b214	d__Bacteria; p__Pseudomonadota; c__Gammaproteobacteria; o__Burkholderiales	0.9999998419681796
1b147cfff03d9c906336fc9e0e0ab648	d__Bacteria; p__Pseudomonadota; c__Alphaproteobacteria; o__Rhizobiales_505101; f__Rhizobiaceae	0.9978579996560991
1b158b8b2922d4fcad5d9cea607cbb7d	d__Bacteria; p__Pseudomonadota; c__Gammaproteobacteria; o__Enterobacterales_737866; f__Enterobacteriaceae_A_725029; g__Escherichia	0.9937405132531328
1b230d3b137b6be69d531f28003879b5	d__Bacteria; p__Actinomycetota; c__Actinomycetes; o__Propionibacteriales; f__Nocardioidaceae; g__Aeromicrobium; s__Aeromicrobium piscarium	0.9357777083615301
1b821d823f331b5a4dbee944c0ea330f	d__Bacteria; p__Bacteroidota; c__Bacteroidia; o__Bacteroidales; f__Dysgonomonadaceae; g__Dysgonomonas; s__Dysgonomonas sp000711235	0.9698326025642943
1b8c587ade117b2745461e92e508101f	d__Bacteria; p__Pseudomonadota; c__Alphaproteobacteria; o__Azospirillales_507929; f__Azospirillaceae_507917; g__Skermanella; s__Skermanella aerolata	0.9773591512147083
1b9f893a52451bbb0fdf97fb5d68635a	d__Bacteria; p__Bacillota_A_368345; c__Clostridia_258483; o__Peptostreptococcales; f__Peptostreptococcaceae_256921; g__Peptostreptococcus; s__Peptostreptococcus russellii_A	0.9999995065675701
1bbd8af444698933678b539ed945eeab	d__Bacteria; p__Pseudomonadota; c__Gammaproteobacteria; o__Burkholderiales; f__Burkholderiaceae_A_595419; g__; s__	0.999998042321861
1bc9aa2ddb49874d3fc830a711cd1ec8	d__Bacteria; p__Actinomycetota; c__Actinomycetes; o__Actinomycetales; f__Cellulomonadaceae; g__Populibacterium; s__Populibacterium corticicola	0.9634507712835019
1c03258ef7f000174f10d1ffa01bcee1	d__Bacteria; p__Pseudomonadota; c__Gammaproteobacteria; o__Xanthomonadales; f__Xanthomonadaceae; g__CU05-9; s__CU05-9 sp007556525	0.9280059298433404
1c0bc83cb0f24beba9f1a145ba665789	d__Bacteria; p__Bacteroidota; c__Bacteroidia; o__Bacteroidales; f__Tenuifilaceae; g__SB25; s__	0.9994685664451509
1c30344fd254b95ae0d9228c544d54f5	d__Bacteria; p__Bacillota_A_368345; c__Clostridia_258483; o__Oscillospirales; f__Butyricicoccaceae; g__Intestinibacillus; s__Intestinibacillus massiliensis	0.9315767911489237
1c46b0dd9530fbe555316d9c406329ae	d__Bacteria; p__Bacillota_I; c__Bacilli_A; o__Paenibacillales; f__Paenibacillaceae_367444	0.9717608104899768
1c61a454e11db80b50a4d89add4c4e4d	d__Bacteria; p__Bacillota_I; c__Bacilli_A; o__Paenibacillales; f__Paenibacillaceae_367444; g__Paenibacillus_T_364413; s__	0.7747150086980115
1cc8735c8961e91473980641ff525f86	d__Bacteria; p__Bacillota_I; c__Bacilli_A; o__Acholeplasmatales; f__Acholeplasmataceae	0.9623570670063584
1cf87b03856995956780e483d1b05778	d__Bacteria; p__Pseudomonadota; c__Gammaproteobacteria; o__Pseudomonadales_A_650611; f__Pseudomonadaceae; g__Stutzerimonas_648792; s__Stutzerimonas saudiphocaensis	0.9290501463099956
1d57d5466a56074773b6c65825876ffd	d__Bacteria; p__Bacillota_I; c__Bacilli_A; o__Lactobacillales; f__Vagococcaceae; g__Vagococcus_B	0.9985437681469206
1d5c469bc3a0da4471c67e502fa56e36	d__Bacteria; p__Bacillota_A_368345; c__Clostridia_258483; o__Eubacteriales; f__Eubacteriaceae; g__Eubacterium_O_258270	0.9999901426555007
1d7bcb4f2504f4f115c9c4e2b0ca25f4	d__Bacteria; p__Bacteroidota; c__Bacteroidia; o__Sphingobacteriales; f__Sphingobacteriaceae; g__Albibacterium; s__Albibacterium bauzanense	0.9102681083056557
1d90d44d83b380b8ef9612950558717e	d__Bacteria; p__Pseudomonadota; c__Alphaproteobacteria; o__Caulobacterales; f__Caulobacteraceae; g__Phenylobacterium; s__Phenylobacterium panacis	0.8947885499863782
1d944751551688ec1353409929b5e8d2	d__Bacteria; p__Bacillota_A_368345; c__Clostridia_258483; o__Lachnospirales; f__Lachnospiraceae; g__Anaerocolumna; s__	0.9516845516450976
1d9e48d40349a5f95943c71583f0ad76	d__Bacteria; p__Verrucomicrobiota; c__Verrucomicrobiae; o__Chthoniobacterales; f__Chthoniobacteraceae; g__; s__	0.9991308516661492
1df7a28f0ff0e78d1a11cf5fd337ac28	d__Bacteria; p__Pseudomonadota; c__Alphaproteobacteria; o__Rhodobacterales; f__Rhodobacteraceae; g__Poseidonocella_488769; s__	0.9972606454328694
1e3e4d8ace0f5acef651d3c5038d743f	d__Bacteria; p__Bacillota_A_368345; c__Clostridia_258483; o__Clostridiales; f__Clostridiaceae_222000	0.9999999999906112
1e503342764d34bd6b47344482be2d9c	d__Bacteria; p__Bacillota_I; c__Bacilli_A; o__Paenibacillales; f__Paenibacillaceae_367444; g__Paenibacillus_T_364413; s__	0.8428250598440241
1e9cfb90a4a7bf63637632f7c27ca41e	d__Bacteria; p__Bacillota_I; c__Bacilli_A; o__Paenibacillales; f__Paenibacillaceae_367444; g__Paenibacillus_A	0.9782623547181786
1efcf8569c13a90525c9ad3f4b0e02a7	d__Bacteria; p__Bacteroidota; c__Bacteroidia; o__Flavobacteriales_B_877923; f__Weeksellaceae; g__Moheibacter; s__Moheibacter stercoris	0.999999856300956
1f14e80f84e9b92634676430e696e2b2	d__Bacteria; p__Verrucomicrobiota; c__Verrucomicrobiae; o__Chthoniobacterales; f__Chthoniobacteraceae; g__; s__	0.9984312528485666
1f37b856e6240baacef101820593f815	d__Bacteria; p__Actinomycetota; c__Actinomycetes; o__Actinomycetales; f__Microbacteriaceae; g__Leucobacter	0.9429263763768527
1f6a39ea766cc1cf2d874bbc8f0249b4	d__Bacteria; p__Pseudomonadota; c__Gammaproteobacteria; o__Xanthomonadales; f__Xanthomonadaceae; g__Luteimonas_D; s__Luteimonas_D yindakuii	0.8427598159731439
1f7043eda78a3ddb2076afc45e6f2c13	d__Bacteria; p__Bacteroidota; c__Bacteroidia; o__Sphingobacteriales; f__Sphingobacteriaceae; g__Sphingobacterium	0.9993947352323056
1f878f615fcfc8d7bd381a7841ac1e41	d__Bacteria; p__Pseudomonadota; c__Gammaproteobacteria; o__Pseudomonadales_A_650611; f__Pseudomonadaceae; g__Pseudomonas_E_648040	0.867221060212529
1f8e73b54d64ef3044ffea337dd71e96	d__Bacteria; p__Bacillota_I; c__Bacilli_A; o__Staphylococcales; f__Salinicoccaceae; g__Nosocomiicoccus; s__Nosocomiicoccus massiliensis	0.993727303385003
1f91d3ace01716afdef0267406286754	d__Bacteria; p__Pseudomonadota; c__Gammaproteobacteria; o__Pseudomonadales_A_650611; f__Pseudomonadaceae; g__Pseudomonas_E_647464	0.999513827695991
1fa6d7f8636dea106edadadc329d9232	d__Bacteria; p__Actinomycetota; c__Actinomycetes; o__Mycobacteriales; f__Mycobacteriaceae; g__Dietzia; s__Dietzia lutea	0.8861065488303389
1fe3f1bfd255619b3db537a8c88130d4	d__Bacteria; p__Actinomycetota; c__Actinomycetes; o__Mycobacteriales; f__Mycobacteriaceae; g__Corynebacterium; s__Corynebacterium stationis	0.9632716541382692
1fea1d728199a622b70919a944ccaffe	d__Bacteria; p__Bacteroidota; c__Bacteroidia; o__Bacteroidales; f__Dysgonomonadaceae; g__Dysgonomonas; s__Dysgonomonas sp000711235	0.9685479347131343
20347a870f29ae563276f3c331e18875	d__Bacteria; p__Bacillota_I; c__Bacilli_A; o__Lactobacillales; f__Aerococcaceae; g__Aerococcus	0.8757662153090343
20971cf6c4b0e4c8531af9dc2261ea29	d__Bacteria; p__Chloroflexota; c__Chloroflexia; o__Thermomicrobiales; f__; g__; s__	0.9999801439250733
2099aa98f984294bc771f30013f44004	d__Bacteria; p__Pseudomonadota; c__Alphaproteobacteria	0.7275232894769537
20ad5b343a158e617aa2f39adbf005b6	d__Bacteria; p__Pseudomonadota; c__Gammaproteobacteria; o__Burkholderiales; f__Burkholderiaceae_A_595421	0.9999999994416027
20b485f14ad07fab0d10acad007b8b32	d__Bacteria; p__Bacillota_I; c__Bacilli_A; o__Bacillales_B_306087; f__Caldibacillaceae; g__Bacillus_J_295379	0.9266610550859663
20f08d623f214b7398683f1926a8b3f6	d__Bacteria; p__Pseudomonadota; c__Gammaproteobacteria; o__Cardiobacteriales; f__Wohlfahrtiimonadaceae; g__Ignatzschineria	0.9999999998180389
21295e5bfb2015c9118a5c0b7db9ec81	d__Bacteria; p__Actinomycetota; c__Thermoleophilia; o__Gaiellales; f__Gaiellaceae; g__GMQP-bins7; s__GMQP-bins7 sp004366385	0.9998748524752614
2141f1a29d202ab76776fed04abf643f	d__Bacteria; p__Actinomycetota; c__Actinomycetes; o__Actinomycetales; f__Microbacteriaceae; g__Gulosibacter; s__Gulosibacter macacae	0.770390770624411
217080cdf548b11c84bd0775e9b09cee	d__Bacteria; p__Bacillota_I; c__Bacilli_A; o__Bacillales_B_306087	0.7618517099005284
21728cbd178aa72cacfd4e8fd12c060b	d__Bacteria; p__Bacillota_A_368345; c__Clostridia_258483; o__Christensenellales; f__UBA1242; g__; s__	0.9142971921374329
218428165f2a5cc20b70d23622eb5e78	d__Bacteria; p__Bacteroidota; c__Bacteroidia; o__Flavobacteriales_B_877923; f__Flavobacteriaceae; g__Flavobacterium	0.973770845129703
21a8d7b20b972d17c422534c10e3883c	d__Bacteria; p__Pseudomonadota; c__Gammaproteobacteria; o__Burkholderiales; f__Burkholderiaceae_A_595417; g__Verticiella; s__	0.9985436842318789
21b129995d44633458c340454b5c3efd	d__Bacteria; p__Bacteroidota; c__Bacteroidia; o__Flavobacteriales_B_877923; f__Crocinitomicaceae; g__Brumimicrobium; s__	0.9985257499625593
21b7e493b857babaa35a74befde8fb92	d__Bacteria; p__Bacillota_A_368345; c__Clostridia_258483; o__Tissierellales; f__Sedimentibacteraceae; g__Sedimentibacter; s__Sedimentibacter hydroxybenzoicus	0.9991895234372833
2218b4851f99c362a0ba019c8195fb1f	d__Bacteria; p__Actinomycetota; c__Actinomycetes; o__Actinomycetales; f__Micrococcaceae; g__Glutamicibacter	0.9988574338965096
2239b165d83960c6dfe839eb31efba08	d__Bacteria; p__Bacillota_A_368345; c__Clostridia_258483; o__Oscillospirales; f__Ruminococcaceae; g__Fimivivens; s__Fimivivens sp900113995	0.994951823734202
2246de5613b7b7ae0a0c492ec0db4ccc	d__Bacteria; p__Bacteroidota; c__Bacteroidia; o__Bacteroidales; f__Bacteroidaceae; g__Bacteroides_E_857960; s__Bacteroides_E_857960 coprosuis	0.9999999998935749
228ae07feb0040900651f7580168bd27	d__Bacteria; p__Bacillota_I; c__Bacilli_A; o__Erysipelotrichales; f__Coprobacillaceae; g__Thomasclavelia; s__Thomasclavelia ramosa	0.9959383119814985
229d18527119542663605d30e2d48661	d__Bacteria; p__Acidobacteriota; c__Blastocatellia; o__Pyrinomonadales; f__Pyrinomonadaceae; g__PSRF01; s__	0.9881482364794397
22cdddffc502f12a2608746db64090b8	d__Bacteria; p__Bacillota_I; c__Bacilli_A; o__Acholeplasmatales; f__Acholeplasmataceae; g__Acholeplasma_284948; s__	0.999969504791958
230f2a3501bd69ab43e9363beca9242e	d__Bacteria; p__Bacillota_I; c__Bacilli_A	0.9997915771026651
2332034a5b15e3326a32885fe1a9e14b	d__Bacteria; p__Pseudomonadota; c__Alphaproteobacteria; o__Rhizobiales_505101; f__Pleomorphomonadaceae; g__Pleomorphomonas	0.9020420557384214
233d552b80812f38eb5325cc571bdeb9	d__Bacteria; p__Pseudomonadota; c__Gammaproteobacteria; o__Pseudomonadales_A_660879; f__Moraxellaceae; g__Psychrobacter; s__Psychrobacter alimentarius_A	0.9021378323343275
236aa9c31de795e40a417cd58e8f9619	d__Bacteria; p__Bacillota_A_368345; c__Clostridia_258483; o__Lachnospirales; f__Lachnospiraceae	0.9999997681124491
23cd90b71d55bf10bbbf309a864edd20	d__Bacteria; p__Actinomycetota; c__Actinomycetes; o__Mycobacteriales; f__Mycobacteriaceae; g__Corynebacterium	0.999999988713384
23cfaba306e5f6238801a01949441134	d__Bacteria; p__Bdellovibrionota_473306; c__Bdellovibrionia; o__Bdellovibrionales; f__1-14-0-10-45-34; g__1-14-0-10-45-34; s__	0.9999953569452275
24b784689bdf3c7c1a10b574603a14c0	d__Bacteria; p__Pseudomonadota; c__Gammaproteobacteria; o__Enterobacterales_737866; f__Aeromonadaceae; g__Oceanisphaera	0.9996757596988037
24c401ab01b574320c24c45857c730d9	d__Bacteria; p__Bacillota_I; c__Bacilli_A; o__Bacillales_D; f__Amphibacillaceae; g__Paucisalibacillus_287139; s__Paucisalibacillus globulus	0.9858764670945304
24cf357c1fc7b62c8572cb75a38d4a00	d__Bacteria; p__Pseudomonadota; c__Alphaproteobacteria	0.9999737612661371
250bc8277ae93baf8767deca44149418	d__Bacteria; p__Bacillota_I; c__Bacilli_A; o__Bacillales_A; f__Planococcaceae; g__Sporosarcina; s__Sporosarcina ureilytica	0.8108010597418701
2511ff5d78ef6d53e9819a09ca5d9eea	d__Bacteria; p__Myxococcota_A_473307; c__Polyangia_463783; o__Polyangiales; f__; g__; s__	0.9999999999713652
252cfa5f6042bd0bb79702f35fcb0c49	d__Bacteria; p__Pseudomonadota; c__Alphaproteobacteria; o__Rhizobiales_505101; f__Beijerinckiaceae; g__Microvirga	0.9998634506171692
25521aaa533ca42bfcdcbc55c28ec0d8	d__Bacteria; p__Bacteroidota; c__Bacteroidia; o__Sphingobacteriales; f__Sphingobacteriaceae; g__Sphingobacterium; s__Sphingobacterium jejuense	0.9478236546852609
2568b025d44bcd4a8928c7dde7a6859b	d__Bacteria; p__Bacillota_I; c__Bacilli_A; o__Bacillales_A; f__Planococcaceae; g__Savagea; s__Savagea sp009740415	0.9999986321657962
25ad727e87d804afda789c3e3856589a	d__Bacteria; p__Planctomycetota; c__Planctomycetia; o__Planctomycetales; f__Planctomycetaceae; g__Alienimonas	0.8115197679203376
25eb3565b9608a634b38a63fada45f8f	d__Bacteria; p__Verrucomicrobiota; c__Verrucomicrobiae; o__Opitutales; f__Cerasicoccaceae	0.9716065997546267
25f08a8b646d83710eee3e3aa8ac43e5	d__Bacteria; p__Pseudomonadota; c__Alphaproteobacteria; o__Rhodobacterales; f__Rhodobacteraceae; g__Paracoccus	0.9992386955622765
26258544ec2952336460d1e277effe9f	d__Bacteria; p__Bacillota_I; c__Bacilli_A; o__Paenibacillales; f__Paenibacillaceae_367444; g__Paenibacillus_J_366884; s__Paenibacillus_J_366884 campinasensis	0.9606103815109958
262dc7bf78e937b0c7065aef82e18d08	d__Bacteria; p__Pseudomonadota; c__Gammaproteobacteria; o__Pseudomonadales_A_660879; f__Moraxellaceae; g__Acinetobacter	0.9999999999521821
26be1b27ea541c3ab1f19d1617f1d336	d__Bacteria; p__Bacillota_A_368345; c__Clostridia_258483; o__Lachnospirales; f__Lachnospiraceae	0.9999987816040877
26c6f499baa62673be59a788bafd2d33	d__Bacteria; p__Bacteroidota; c__Bacteroidia; o__Sphingobacteriales; f__Sphingobacteriaceae; g__Sphingobacterium	0.9962530717380551
2703c6ea908cf504ec864467df8f985c	d__Bacteria; p__Planctomycetota; c__Planctomycetia; o__Isosphaerales; f__Isosphaeraceae; g__Singulisphaera; s__Singulisphaera acidiphila	0.9990444517120745
2710e2f0c84392e0f8ab78a084298902	d__Bacteria; p__Pseudomonadota; c__Gammaproteobacteria; o__Pseudomonadales_A_637066; f__Oleiphilaceae_637066; g__Marinobacter_A_637054	0.9467422269774112
2712ee400ef2003a3a6e976c6ee19c3d	d__Bacteria; p__Bacillota_I; c__Bacilli_A; o__Acholeplasmatales; f__Acholeplasmataceae; g__Acholeplasma_284948; s__Acholeplasma equirhinis	0.9623023819535552
2743190834014f07e628108053d08582	d__Bacteria; p__Bacillota_I; c__Bacilli_A; o__Acholeplasmatales; f__Acholeplasmataceae	0.9997607581669442
2754a6bb36d8d6ed215eb2c512abb85a	d__Bacteria; p__Bacillota_I; c__Bacilli_A; o__Bacillales_A; f__Planococcaceae; g__Ureibacillus; s__	0.9083382340204581
278bca4b868c93baa73e17c69e8ff4d9	d__Bacteria; p__Bacillota_I; c__Bacilli_A; o__Paenibacillales; f__Paenibacillaceae_367444; g__Paenibacillus_T_364413; s__Paenibacillus_T_364413 camelliae	0.9775437717797351
27b4bf43c4374efaf423108a0099e79a	d__Bacteria; p__Pseudomonadota; c__Gammaproteobacteria; o__Pseudomonadales_A_650611; f__Pseudomonadaceae; g__Halopseudomonas_650606; s__Halopseudomonas formosensis	0.9237501890701697
27bbeb5ba76402142c02f75a17004f43	d__Bacteria; p__Bacillota_A_368345; c__Clostridia_258483; o__Lachnospirales; f__Lachnospiraceae; g__Lacrimispora	0.9907438214933755
27bc2e89e6c74f2c6a70ffc5fcd0bc93	d__Bacteria; p__Bacillota_I; c__Bacilli_A; o__Lactobacillales; f__Lactobacillaceae; g__Levilactobacillus; s__Levilactobacillus spicheri	0.7857067247567536
27bdce0aa6097cd83f4b16f4b9882939	d__Bacteria; p__Bacillota_A_368345; c__Clostridia_258483; o__Lachnospirales; f__Cellulosilyticaceae; g__Cellulosilyticum; s__	0.9952052783793252
27c671aa89bdb6ea01706fe4ed4a078c	d__Bacteria; p__Actinomycetota; c__Actinomycetes; o__Streptomycetales_400645; f__Streptomycetaceae_400641; g__Streptomyces_400150	0.994790131209811
2861b60feb98b96bfdfae4152ea84ae7	d__Bacteria; p__Actinomycetota; c__Actinomycetes; o__Actinomycetales; f__Brevibacteriaceae; g__Brevibacterium	0.9999999998730296
2871b89f76652fef3d489bf3f391d55e	d__Bacteria; p__Actinomycetota; c__Actinomycetes; o__Mycobacteriales; f__Mycobacteriaceae; g__Dietzia	0.9965493372654127
28b5cd45169df88637102010e24e6a4c	d__Bacteria; p__Actinomycetota; c__Actinomycetes; o__Mycobacteriales; f__Mycobacteriaceae; g__Mycobacterium	0.9999985570860324
28de8b7c9c58da14f264c59b02816659	d__Bacteria; p__Pseudomonadota; c__Gammaproteobacteria; o__Cardiobacteriales; f__Wohlfahrtiimonadaceae; g__Wohlfahrtiimonas; s__Wohlfahrtiimonas chitiniclastica	0.9964859309269993
29220dfa7ae2ecce72f9d364c1b8fcb5	d__Bacteria; p__Pseudomonadota; c__Gammaproteobacteria; o__Xanthomonadales; f__Xanthomonadaceae; g__Luteimonas_D; s__Luteimonas_D padinae	0.9632500808793774
29353ed4af9cbabb15cc3cc85a1f760a	d__Bacteria; p__Bacillota_A_368345; c__Clostridia_258483; o__Tissierellales; f__Peptoniphilaceae; g__Parvimonas; s__Parvimonas micra	0.9992891184090561
29731dddd6f204393055e34a2b62b1ab	d__Bacteria; p__Verrucomicrobiota; c__Verrucomicrobiae; o__Chthoniobacterales; f__Chthoniobacteraceae; g__; s__	0.9999801357948068
29795c15a1b6885f5ea0e59019c319ea	d__Bacteria; p__Bacteroidota; c__Bacteroidia; o__Flavobacteriales_B_877923; f__Flavobacteriaceae; g__Flavobacterium; s__Flavobacterium dinanensis	0.9999637986835449
299908d1ff2c8c4f85287869ea0dc5ec	d__Bacteria; p__Bacillota_I; c__Bacilli_A	0.999987069150283
29bfb25bfe3036382f599722e2b0f2c7	d__Bacteria; p__Pseudomonadota; c__Gammaproteobacteria; o__Burkholderiales; f__Burkholderiaceae_A_595373; g__Paenalcaligenes; s__Paenalcaligenes sp004791645	0.8525932648508748
29ed05e4074fb54a3bbc4ebc6c590e9c	d__Bacteria; p__Bacillota_I; c__Bacilli_A; o__Bacillales_H_361473; f__Salisediminibacteriaceae	0.7906164572188267
29f43893cd9d09212893f97e6bb415c3	d__Bacteria; p__Desulfobacterota_G_459543; c__Desulfovibrionia; o__Desulfovibrionales; f__Desulfovibrionaceae; g__Desulfovibrio_446353; s__Desulfovibrio sp900243745	0.8783226408821655
2a23aa562dba07703788a92fdd26afb1	d__Bacteria; p__Bacillota_I; c__Bacilli_A; o__Bacillales_B_306089; f__Bacillaceae_L_288515; g__Ferdinandcohnia	0.963965822843776
2a8e167b75b9509a5e56ed6281573315	d__Bacteria; p__Verrucomicrobiota; c__Verrucomicrobiae; o__Opitutales; f__Cerasicoccaceae; g__Cerasicoccus; s__Cerasicoccus arenae	0.9543968666333137
2aab0c408ab7e997e07d713b70cc5824	d__Bacteria; p__Bacillota_A_368345; c__Clostridia_258483; o__Tissierellales; f__Peptoniphilaceae; g__Peptoniphilus_A	0.9999999999998842
2ae8d0f7c8332e3df1366d60f0726123	d__Bacteria	0.9999999999999953
2b0dd0f4f58b7fb5fdcf2cc4226a804a	d__Bacteria; p__Bacillota_I; c__Bacilli_A; o__Paenibacillales; f__Paenibacillaceae_367444; g__Paenibacillus_J_366884; s__Paenibacillus_J_366884 ihbetae	0.7352930221037968
2b1ee2cd2adeb35cc9e93811cebdc4ee	d__Bacteria; p__Bacillota_A_368345; c__Clostridia_258483; o__Lachnospirales; f__Cellulosilyticaceae; g__Cellulosilyticum; s__Cellulosilyticum ruminicola	0.9999999873922151
2b6771425c9f6b7b61f5a3391af0adb7	d__Bacteria; p__Bacteroidota; c__Bacteroidia; o__Sphingobacteriales; f__Sphingobacteriaceae; g__Parapedobacter	0.9879508124959943
2ba894468a832b6a56be8f70878fd1db	d__Bacteria; p__Pseudomonadota; c__Gammaproteobacteria; o__Xanthomonadales; f__Xanthomonadaceae; g__Xanthomonas_A_614442	0.8722979832957455
2bc3f7d91350672c1477d3556267b430	d__Bacteria; p__Chloroflexota; c__Chloroflexia; o__Thermomicrobiales; f__; g__; s__	0.9999797344879099
2beba5cb20758c3369aedf79cc84cfa2	d__Bacteria; p__Bacteroidota; c__Bacteroidia; o__Bacteroidales; f__Dysgonomonadaceae; g__JAAYFB01; s__JAAYFB01 sp012728465	0.9693338382210632
2c1bce022df41f591250d30bcfada5f9	d__Bacteria	0.9999999999904048
2c2018d4ecccfa3cb27b99a04c9222b1	d__Bacteria; p__Bacteroidota; c__Bacteroidia; o__Bacteroidales; f__Bacteroidaceae; g__Bacteroides_H_857956	0.999999999949718
2c2ff1bfe9a9a6f6a5efcbbc54e2c2d4	d__Bacteria; p__Pseudomonadota; c__Gammaproteobacteria; o__Pseudomonadales_A_650612; f__Pseudohongiellaceae; g__; s__	0.9965397513309007
2c5825772dc3f42211cfca497a725331	d__Bacteria; p__Pseudomonadota; c__Gammaproteobacteria; o__Pseudomonadales_A_650612; f__Cellvibrionaceae; g__Cellvibrio; s__	0.9619897574892176
2c6a43b898dc128e1860d69a670f7019	d__Bacteria; p__Actinomycetota; c__Actinomycetes; o__Mycobacteriales; f__Pseudonocardiaceae; g__Saccharomonospora_A; s__Saccharomonospora_A viridis	0.9909954482077883
2ca629afaffcaa32274da0b291089616	d__Bacteria; p__Bacteroidota; c__Bacteroidia; o__Sphingobacteriales; f__Sphingobacteriaceae; g__Sphingobacterium	0.9999996035912084
2cd643052b7d03fa1a2c3bc2a017ae9c	d__Bacteria; p__Actinomycetota; c__Actinomycetes; o__Actinomycetales; f__Cellulomonadaceae; g__Flavimobilis_389003; s__	0.9698515235296923
2ce83ce8633190af0e5f51af6c6d7da8	d__Bacteria; p__Pseudomonadota; c__Alphaproteobacteria; o__Rhizobiales_505101; f__Rhizobiaceae; g__Agrobacterium	0.9651359830229337
2cedfeac0edf24cce6d2d9377284151e	d__Bacteria; p__Bacillota_I; c__Bacilli_A; o__Bacillales_D; f__Amphibacillaceae	0.967834428562012
2d011870e4ed7206ac3247f45211374f	d__Bacteria; p__Bacillota_I; c__Bacilli_A; o__Bacillales_D; f__Amphibacillaceae; g__Oceanobacillus_287537; s__Oceanobacillus luteolus	0.9706562672486083
2d06b54723ca0847261623006fa94d15	d__Bacteria; p__Bacteroidota; c__Bacteroidia; o__Sphingobacteriales; f__Sphingobacteriaceae; g__Sphingobacterium	0.998291504436931
2d18aef23f43b91c9de0dbf241e984a1	d__Bacteria; p__Pseudomonadota; c__Gammaproteobacteria; o__Pseudomonadales_A_650612; f__Cellvibrionaceae; g__Marinagarivorans; s__Marinagarivorans algicola	0.9943464997740893
2d6a175d07ae102624dd95156e8dc573	d__Bacteria; p__Bacillota_I; c__Bacilli_A; o__Paenibacillales; f__Paenibacillaceae_367444; g__Paenibacillus_A; s__Paenibacillus_A barengoltzii	0.9061631307088586
2d91ef58d6b6edb2f64966644806a0ff	d__Bacteria; p__Myxococcota_A_473307; c__Bradymonadia; o__Bradymonadales; f__Bradymonadaceae; g__Microvenator; s__Microvenator marinus	0.8571366874152443
2d99595799128280b20ac06c685160c4	d__Bacteria; p__Pseudomonadota; c__Alphaproteobacteria; o__Rhodobacterales; f__Rhodobacteraceae	0.9980120274214352
2dff8318227738910825c8c08a5b9ddf	d__Bacteria; p__Bacteroidota; c__Bacteroidia; o__Sphingobacteriales; f__Sphingobacteriaceae; g__Sphingobacterium; s__Sphingobacterium corticibacterium	0.892505862044647
2e3c1bc9e837be4305165c208e857af6	d__Bacteria; p__Pseudomonadota; c__Alphaproteobacteria; o__Rhizobiales_505101	0.8656861344378461
2e70c54b876665304ae22d5ce482c772	d__Bacteria; p__Bacillota_A_368345; c__Clostridia_258483; o__Lachnospirales; f__Lachnospiraceae; g__Blautia_A_142742; s__Blautia_A_142742 liquoris	0.9999988382833818
2e8fed2c212fa1428d891f32b085add6	d__Bacteria; p__Bacillota_A_368345; c__Clostridia_258483; o__Lachnospirales; f__Lachnospiraceae	0.9999998750866732
2e9bcff5cb462c7ee725d7ad41e7dda1	d__Bacteria; p__Bacillota_I; c__Bacilli_A; o__Bacillales_D; f__Amphibacillaceae; g__Pseudogracilibacillus; s__Pseudogracilibacillus endophyticus	0.9964928471601789
2eb48c45587fd81ddaa40700874d6134	d__Bacteria; p__Bacillota_I; c__Bacilli_A; o__Lactobacillales; f__Lactobacillaceae; g__Lacticaseibacillus	0.984566031265171
2ef16a3db0320a127643ed8752a79fc7	d__Bacteria; p__Actinomycetota; c__Actinomycetes; o__Mycobacteriales; f__Mycobacteriaceae; g__Corynebacterium	0.9999999981282508
2f14e31e594a99962faee2b67693e6db	d__Bacteria; p__Pseudomonadota; c__Alphaproteobacteria; o__Rhodobacterales; f__Rhodobacteraceae; g__Wagnerdoeblera_493755; s__Wagnerdoeblera intermedia	0.9910377151178696
2f15d6d8cecbe4de5c3b8f37aff794d1	d__Bacteria; p__Bacillota_I; c__Bacilli_A; o__Bacillales_D; f__Amphibacillaceae; g__Oceanobacillus_287537; s__Oceanobacillus caeni	0.9999581366868944
2f41b4b15416f046360ecaf1cfeb4b28	d__Bacteria; p__Pseudomonadota; c__Gammaproteobacteria; o__Pseudomonadales_A_660879; f__Moraxellaceae; g__Acinetobacter; s__Acinetobacter schindleri	0.8282878470280123
2f4bfa201033fd58e16395a9ab40e29a	d__Bacteria; p__Pseudomonadota; c__Gammaproteobacteria; o__Burkholderiales; f__Burkholderiaceae_A_593909	0.9602402054107301
2f582f2afb3e04b266174ddd690e4b9c	d__Bacteria; p__Pseudomonadota; c__Alphaproteobacteria; o__Rhodobacterales; f__Rhodobacteraceae; g__Wagnerdoeblera_493755; s__Wagnerdoeblera intermedia	0.7126549341305094
2f808a0ffa7ad40c3f57a46c113f2085	d__Bacteria; p__Bacillota_I; c__Bacilli_A; o__Paenibacillales; f__NBRC-103111; g__Paenibacillus_G_363728	0.9888210763070401
2faab55ad55c30035705c084f4ef777c	d__Bacteria; p__Bdellovibrionota_473306; c__Bacteriovoracia; o__Bacteriovoracales; f__Bacteriovoracaceae; g__Peredibacter; s__Peredibacter starrii	0.9975319019317693
2fae1e409596f950d15368d82d901256	d__Bacteria; p__Gemmatimonadota; c__Gemmatimonadetes; o__Gemmatimonadales; f__Gemmatimonadaceae; g__AG11; s__AG11 sp003223455	0.999999605823255
2fe27e4175edfa0cc50cbc69d7655e7e	d__Bacteria; p__Bdellovibrionota_473306; c__Bacteriovoracia; o__Bacteriovoracales; f__Bacteriovoracaceae; g__Peredibacter; s__Peredibacter starrii	0.999271945943997
2fecf0f0c04a581534b8c3191fccc9bc	d__Bacteria; p__Bacteroidota; c__Bacteroidia; o__Sphingobacteriales; f__Sphingobacteriaceae; g__Parapedobacter	0.9999025799075911
30554407069b2367b77ee68c1982db14	d__Bacteria; p__Actinomycetota; c__Actinomycetes; o__Mycobacteriales; f__Mycobacteriaceae; g__Corynebacterium; s__Corynebacterium aurimucosum_F	0.941352224043362
30b43cc848a5c0ecaad329e0e6be7cbb	d__Bacteria; p__Bacillota_A_368345; c__Clostridia_258483; o__Oscillospirales; f__Oscillospiraceae_88309; g__Faecousia; s__	0.9966674360561251
30f0f26cf68720ea0aebbea9c6a11210	d__Bacteria; p__Bacillota_A_368345; c__Clostridia_258483; o__Lachnospirales; f__Cellulosilyticaceae; g__Cellulosilyticum; s__Cellulosilyticum lentocellum	0.9944997212949582
30f84ff1f50be951962489138a6797f3	d__Bacteria; p__Bacillota_A_368345; c__Clostridia_258483; o__Tissierellales; f__Peptoniphilaceae; g__Citroniella; s__Citroniella saccharovorans	0.7318433467673541
3104b6d0a19cead576153e29ab3d5548	d__Bacteria; p__Pseudomonadota; c__Gammaproteobacteria; o__Burkholderiales; f__Burkholderiaceae_A_595421; g__Comamonas_F_589250	0.9495893078257067
310a96dd9d24658d331f25a756f96820	d__Bacteria; p__Bacillota_A_368345; c__Clostridia_258483; o__Tissierellales; f__Peptoniphilaceae; g__Ezakiella; s__Ezakiella peruensis	0.9949481955906913
3111013c2c746f02f10f7f9de09b9b3c	d__Bacteria; p__Actinomycetota; c__Actinomycetes; o__Propionibacteriales; f__Nocardioidaceae; g__Aeromicrobium	0.9999635240874503
313aec37577cdcd2b0ffd21d43eb69ac	d__Bacteria; p__Actinomycetota; c__Actinomycetes; o__Actinomycetales; f__Actinomycetaceae; g__Scrofimicrobium	0.8858532899899483
31871fddfe9efeb0990224f9f121829e	d__Bacteria; p__Actinomycetota; c__Actinomycetes; o__Actinomycetales; f__Microbacteriaceae; g__Agromyces; s__Agromyces italicus	0.7162973516168605
318b168e6d702c913f19a170df1adcc8	d__Bacteria; p__Chloroflexota; c__Chloroflexia; o__Thermomicrobiales; f__; g__; s__	0.999999991519772
3191a6f40994968359b638686049fac5	d__Bacteria; p__Bacillota_I; c__Bacilli_A; o__Lactobacillales; f__Lactobacillaceae; g__Companilactobacillus	0.9999999999801424
31983d2774a0d84604486ca08032504f	d__Bacteria; p__Bacteroidota; c__Bacteroidia; o__Sphingobacteriales; f__Sphingobacteriaceae; g__Sphingobacterium; s__Sphingobacterium composti	0.7822405053750858
3198d6a115814a3abfeea90b72b5d216	d__Bacteria; p__Spirochaetota; c__Spirochaetia; o__Treponematales; f__Treponemataceae; g__Treponema_C; s__	0.9981733909041007
3241b7a7b1a4f4efdf58f086ed6acbe5	d__Bacteria; p__Bacteroidota; c__Bacteroidia; o__Flavobacteriales_B_877923; f__Flavobacteriaceae	0.999606632762515
325b6ba05223897f2d59f26c94edd3a3	d__Bacteria; p__Verrucomicrobiota; c__Verrucomicrobiae; o__Chthoniobacterales; f__Chthoniobacteraceae; g__; s__	0.9990550659749663
32dd172f4069fd63ea009727a174ea55	d__Bacteria; p__Pseudomonadota; c__Alphaproteobacteria	0.9818708315829641
332984af6a246195771ec1ab95e19d0d	d__Bacteria; p__Bacteroidota; c__Bacteroidia; o__Sphingobacteriales; f__Sphingobacteriaceae; g__Sphingobacterium	0.999999999977549
3335b307df68d420c27bb837a0fd7710	d__Bacteria; p__Bacillota_A_368345; c__Clostridia_258483; o__Oscillospirales; f__Butyricicoccaceae; g__Intestinibacillus; s__	0.9991714370267922
333b22e5da90ec2c843b708d5f38ac58	d__Bacteria; p__Bacillota_I; c__Bacilli_A; o__Acholeplasmatales; f__Acholeplasmataceae; g__Acholeplasma_284948; s__Acholeplasma oculi	0.9999534377286733
3344feb290f67890bcae6a315ef21ff0	d__Bacteria; p__Pseudomonadota; c__Gammaproteobacteria; o__Burkholderiales; f__Burkholderiaceae_A_593909	0.8060308641665952
3374a83fe3ce05469bce5047454ad70d	d__Bacteria; p__Bacillota_A_368345; c__Clostridia_258483; o__Acetivibrionales; f__DSM-27016; g__Ruminiclostridium; s__Ruminiclostridium sufflavum	0.7863040370522028
338542bf1812ae7f592833126884367a	d__Bacteria; p__Bacillota_I; c__Bacilli_A; o__Paenibacillales; f__Paenibacillaceae_367444; g__Paenibacillus_T_364413; s__Paenibacillus_T_364413 montaniterrae	0.940119130187966
33c14b40a4d663250dffefdb3ce1f5b4	d__Bacteria; p__Pseudomonadota; c__Gammaproteobacteria; o__Pseudomonadales_A_650611; f__Pseudomonadaceae; g__Pseudomonas_E_647464	0.7097113523672297
33eaf0b750b7c62cfe2f12cd2d78828c	d__Bacteria; p__Actinomycetota; c__Actinomycetes; o__Mycobacteriales; f__Pseudonocardiaceae; g__Pseudonocardia	0.9911161763886283
34061fb1eb1dc30516c2c4cb25eeac7f	d__Bacteria; p__Bacillota_I; c__Bacilli_A; o__Paenibacillales; f__Paenibacillaceae_367444; g__Paenibacillus_J_366884; s__Paenibacillus_J_366884 illinoisensis	0.898132920116378
3447d9590b262acfecb10a2b84047e26	d__Bacteria; p__Actinomycetota; c__Thermoleophilia; o__Solirubrobacterales; f__Solirubrobacteraceae; g__Patulibacter; s__Patulibacter minatonensis	0.9528096405458869
351af43f8fefdd683c4f9d2184599782	d__Bacteria; p__Bacteroidota; c__Bacteroidia; o__Bacteroidales; f__Dysgonomonadaceae; g__Dysgonomonas; s__	0.9992727421035594
35382f19be3d549ade3d358f3437f9e0	d__Bacteria; p__Pseudomonadota; c__Alphaproteobacteria; o__UBA8366; f__GCA-2696645	0.7321000862803645
35716abecf812dcfd1de8209a9d6f628	d__Bacteria; p__Actinomycetota; c__Actinomycetes; o__Mycobacteriales; f__Mycobacteriaceae; g__Dietzia	0.9919346936940338
357c9a08e87d59bee49e5b281734156f	d__Archaea; p__Methanobacteriota_A_1229; c__Methanobacteria; o__Methanobacteriales; f__Methanobacteriaceae; g__Methanosphaera; s__Methanosphaera sp001729965	0.9510538289689545
357ff0ee60675947a57d955a2de7145c	d__Bacteria; p__Acidobacteriota; c__Terriglobia; o__Bryobacterales; f__Bryobacteraceae	0.9999958607021775
35ab406bbc38f4e5e21949d5bd88a547	d__Bacteria; p__Bacillota_I; c__Bacilli_A; o__MOL361; f__Turicibacteraceae; g__Turicibacter; s__Turicibacter bilis	0.9978616794931725
365e4a8568dfa970928243c198fdaf51	d__Bacteria; p__Actinomycetota; c__Actinomycetes; o__Actinomycetales	0.9999969182380757
36643780b4f51497e8a22e442bf67731	d__Bacteria; p__Pseudomonadota; c__Alphaproteobacteria; o__Sphingomonadales; f__Sphingomonadaceae_486827; g__Sphingopyxis_485592	0.9944147923032299
3667ca3d1270344578b3819b5f56731d	d__Bacteria; p__Actinomycetota; c__Actinomycetes; o__Mycobacteriales; f__Mycobacteriaceae; g__Corynebacterium; s__Corynebacterium diphtheriae	0.8169446858513346
367052f7ea29750819c1a967454ad97f	d__Bacteria; p__Actinomycetota; c__Actinomycetes; o__Mycobacteriales; f__Nakamurellaceae; g__Nakamurella; s__Nakamurella intestinalis	0.997347184924689
367290b8712fa43cd5c727384776079f	d__Bacteria; p__Myxococcota_A_473307; c__Bradymonadia; o__REDH01; f__REDH01; g__REDH01; s__REDH01 sp007693585	0.9721583867949548
36838688cf1e4d380607cf2d2da08ba6	d__Bacteria; p__Bacillota_I; c__Bacilli_A; o__Thermoactinomycetales_367866; f__DSM-44946; g__Planifilum; s__Planifilum composti	0.9339812689798141
3692798afe1334fd7b0a94452c38378b	d__Bacteria; p__Bacillota_I; c__Bacilli_A; o__Paenibacillales; f__YIM-B00363; g__Paenibacillus_AE; s__Paenibacillus_AE antri	0.9966961051991244
369d1a663d8ad866aff3644c00ac77bf	d__Bacteria; p__Pseudomonadota; c__Gammaproteobacteria; o__Xanthomonadales; f__Xanthomonadaceae; g__Pseudoxanthomonas_A_615336; s__Pseudoxanthomonas_A_615336 taiwanensis	0.8508599998452356
36b09d4ed5477ad9f29d15989406bd4b	d__Bacteria; p__Pseudomonadota; c__Alphaproteobacteria	0.9993791949926831
36b385619c05f5e2318b8ee760f8836d	d__Bacteria; p__Bacillota_A_368345; c__Clostridia_258483; o__Clostridiales; f__Clostridiaceae_222000; g__Clostridium_T; s__Clostridium_T cagae	0.9993137694998987
37066499498c7448546760f781ebcbae	d__Bacteria; p__Bacillota_I; c__Bacilli_A; o__Bacillales_D; f__Amphibacillaceae; g__Virgibacillus_B_287557; s__Virgibacillus_B_287557 alimentarius	0.9307509307080367
3798835883989d0847f938e8532e6cf4	d__Bacteria; p__Pseudomonadota; c__Alphaproteobacteria; o__Sphingomonadales; f__Sphingomonadaceae_486827	0.9794796087791069
37a90abf181b684611b3eabfd5dfa715	d__Bacteria; p__Pseudomonadota; c__Gammaproteobacteria; o__Enterobacterales_737866; f__Enterobacteriaceae_A_732334; g__Proteus	0.9999998616968614
37c08437599749e93612ab578011838d	d__Bacteria; p__Bacillota_A_368345; c__Clostridia_258483; o__Peptostreptococcales; f__Peptostreptococcaceae_256921; g__Tepidibacter_A; s__	0.9797697061613803
3805a15c71b9c15894f6e9df81e81d40	d__Bacteria; p__Pseudomonadota; c__Gammaproteobacteria; o__Nitrosococcales; f__Methylophagaceae; g__Methylophaga	0.9977489766728956
3824c4cdbe14efd9f5ec4a65660d6c1a	d__Bacteria; p__Chloroflexota; c__Chloroflexia; o__Thermomicrobiales; f__; g__; s__	0.9999900262984196
3858b0bab50d3ea74dbaae9909ca3db9	d__Bacteria; p__Actinomycetota; c__Actinomycetes; o__Propionibacteriales; f__Nocardioidaceae; g__Nocardioides_A_392796; s__Nocardioides_A_392796 allogilvus	0.8901410888875524
38a149a8cc59529f0b4ce29d6a838176	d__Bacteria; p__Actinomycetota; c__Actinomycetes; o__Actinomycetales; f__Micrococcaceae; g__Rothia; s__Rothia sp001808955	0.9967303719098858
38b915ba8dcf63935f439c0f492c42a8	d__Bacteria; p__Bacillota_I; c__Bacilli_A; o__Paenibacillales	0.9969228979837853
38bb50bc255bee8ba3df90a23c8fb547	d__Bacteria; p__Bacteroidota; c__Bacteroidia; o__Sphingobacteriales; f__Sphingobacteriaceae; g__Sphingobacterium; s__Sphingobacterium alimentarium	0.8854267513435266
38bfbd3a2cf83da8fe03cea0f6b4f5f3	d__Bacteria; p__Pseudomonadota; c__Gammaproteobacteria; o__Pseudomonadales_A_650611; f__Pseudomonadaceae; g__Pseudomonas_E_647464	0.9995840785438439
38de5a0e6d3d2b8f144d630871bdc9be	d__Bacteria; p__Bacillota_I; c__Bacilli_A; o__Lactobacillales; f__Vagococcaceae; g__Vagococcus_B; s__Vagococcus_B penaei	0.9515992967118257
392aa3c45e128c7432f91b3de84541f6	d__Bacteria; p__Bacillota_A_368345; c__Clostridia_258483; o__Lachnospirales; f__Lachnospiraceae; g__Enterocloster	0.9999410062658671
3960eded43407ba0473d29bb3ab5de6e	d__Bacteria; p__Cyanobacteriota; c__Cyanobacteriia; o__Cyanobacteriales; f__Nostocaceae; g__Trichormus_B_26630; s__Aliinostoc morphoplasticum	0.999996325606944
3974b8bc9054ca3b3fb661653eb73fe3	d__Bacteria; p__Pseudomonadota; c__Alphaproteobacteria	0.9998784742054533
39b465cff215b5df15b0ae927e718bb3	d__Bacteria; p__Bacillota_I; c__Bacilli_A; o__Lactobacillales; f__Carnobacteriaceae; g__Carnobacterium_A_320743; s__Carnobacterium_A_320743 mobile	0.8624883268247042
3a16ebee9b7f3cf6e5912dcc8e9215e6	d__Bacteria; p__Chloroflexota	0.8285275330263683
3a257702034294337c2c104f2b9633f3	d__Bacteria; p__Pseudomonadota; c__Gammaproteobacteria; o__Pseudomonadales_A_650612; f__Cellvibrionaceae; g__Cellvibrio; s__	0.9955948412656064
3a56da2f49438e50fcf1865a3eb7b251	d__Bacteria; p__Planctomycetota; c__Planctomycetia; o__Pirellulales; f__Pirellulaceae	0.9928851512356515
3a6b6eaabaee9f111ba41af0866179ef	d__Bacteria; p__Actinomycetota; c__Actinomycetes; o__Actinomycetales; f__Actinomycetaceae; g__Scrofimicrobium; s__Scrofimicrobium canadense	0.9399094154296844
3ab1f945b201057ac52dc894c660f09b	d__Bacteria; p__Chloroflexota; c__Chloroflexia; o__Thermomicrobiales; f__; g__; s__	0.9999883473094905
3aeef36abcaf636feb2c39b561ebcbad	d__Bacteria; p__Verrucomicrobiota; c__Verrucomicrobiae; o__Opitutales; f__Cerasicoccaceae	0.8503104718908016
3b332fab259d8f243b936a938c0b5884	d__Bacteria; p__Bacillota_I; c__Bacilli_A; o__Lactobacillales; f__Lactobacillaceae; g__Secundilactobacillus	0.9677446440885685
3b334a9c04e3725b1c168baa6524f3d8	d__Bacteria; p__Pseudomonadota; c__Gammaproteobacteria; o__Burkholderiales; f__Burkholderiaceae_A_595425; g__Zeimonas; s__	0.9735601882014747
3b862be5600030209b61a538da99c893	d__Bacteria; p__Bacteroidota; c__Bacteroidia; o__Flavobacteriales_B_877923; f__Flavobacteriaceae; g__Confluentibacter; s__Confluentibacter lentus	0.941064674192184
3baabf8cc3e85c0f8b1d2790db20f838	d__Bacteria; p__Actinomycetota; c__Actinomycetes; o__Actinomycetales; f__Micrococcaceae; g__Rothia; s__Rothia sp001808955	0.9988939776829779
3bc3a43499733c9974234b30bada53af	d__Bacteria; p__Actinomycetota; c__Actinomycetes; o__Propionibacteriales; f__Nocardioidaceae; g__Nocardioides_A_392796; s__Nocardioides_A_392796 islandensis	0.8980051722162147
3bce82d8294b7d46db419f788d9296f0	d__Bacteria; p__Chloroflexota; c__Chloroflexia; o__Thermomicrobiales; f__; g__; s__	0.999999942689941
3bdf3962a4d6b9738dc1bfa095f6cc8e	d__Bacteria; p__Bacteroidota; c__Bacteroidia; o__Sphingobacteriales; f__Sphingobacteriaceae; g__Sphingobacterium	0.9999999999971183
3c0ed0ec492251b6abcf542c7a1644a5	d__Bacteria; p__Pseudomonadota; c__Gammaproteobacteria; o__Burkholderiales	0.9999999942780332
3c277cd01b502bbe578ccdc4d1c270c1	d__Bacteria; p__Bacillota_A_368345; c__Clostridia_258483; o__Tissierellales; f__Tissierellaceae; g__Tissierella_A; s__	0.8647891173217795
3c4912c878006f0cb9f602b368b307b2	d__Bacteria; p__Bacillota_I; c__Bacilli_A; o__Bacillales_B_306087; f__DSM-18226_301387; g__Cytobacillus_298193	0.9903962062091337
3c62725a044c79befb15bfe087b25e19	d__Bacteria; p__Planctomycetota; c__Planctomycetia; o__Gemmatales; f__Gemmataceae; g__Gemmata; s__	0.9994126106034527
3ca58b1011990a52265149afe37870a5	d__Bacteria; p__Bacillota_A_368345; c__Clostridia_258483; o__Peptostreptococcales; f__Peptostreptococcaceae_256921; g__Clostridioides_A; s__Clostridioides_A difficile	0.9367664092978751
3d3fbdb6cc39a8cee419d7dcb7cc50e2	d__Bacteria; p__Bacteroidota; c__Bacteroidia; o__Sphingobacteriales; f__Sphingobacteriaceae; g__Sphingobacterium; s__Sphingobacterium jejuense	0.9505402134330023
3d46a354ba08de3fd280da6cfe24e240	d__Bacteria; p__Bdellovibrionota_473306; c__Bacteriovoracia; o__Bacteriovoracales; f__Bacteriovoracaceae; g__Peredibacter; s__Peredibacter starrii	0.9999998351975273
3d5baf0b6b142243519f27190806831a	d__Bacteria; p__Pseudomonadota; c__Gammaproteobacteria; o__Burkholderiales; f__Chromobacteriaceae	0.72742352112986
3d5e805f6f02e7f0ef4491898c72176b	d__Bacteria; p__Bacillota_I; c__Bacilli_A; o__Lactobacillales; f__Carnobacteriaceae; g__Atopostipes; s__Atopostipes suicloacalis	0.9999984834201275
3d6c5b42b15866c449b195e4e6bfa1b9	d__Bacteria; p__Pseudomonadota; c__Gammaproteobacteria; o__Enterobacterales_737866; f__Alteromonadaceae; g__Pseudidiomarina; s__Pseudidiomarina tainanensis	0.9860446907743421
3d7898219756d8af3a6d01bfa84f8815	d__Bacteria; p__Bacillota_I; c__Bacilli_A; o__Bacillales_B_306087; f__Caldibacillaceae; g__Caldibacillus_B	0.7612947066056743
3da2817056767872c0219eae37d3b0da	d__Bacteria; p__Bacteroidota; c__Bacteroidia; o__Bacteroidales; f__Bacteroidaceae; g__Bacteroides_H_857956; s__Bacteroides_H_857956 eggerthii	0.9063961749665733
3dc5c997cd195d05fd8427b36f3561a8	d__Bacteria; p__Actinomycetota; c__Actinomycetes; o__Actinomycetales; f__Microbacteriaceae; g__Leucobacter	0.9808955564330658
3dd5eab384ce22f7096e83d75a08bb48	d__Bacteria; p__Pseudomonadota; c__Alphaproteobacteria	0.9994994727523385
3e00a33b844a56c2e00acedeffc43b5e	d__Bacteria; p__Pseudomonadota; c__Alphaproteobacteria; o__Rhizobiales_505101; f__Rhizobiaceae	0.9999999759554538
3e1bce85b85e2cd0b38d78887923e87c	d__Bacteria; p__Bacillota_I; c__Bacilli_A; o__Paenibacillales; f__YIM-B00363; g__Paenibacillus_AE; s__Paenibacillus_AE antri	0.8525211013128606
3e43ec7d6fd6883b7de286a4d35ec840	d__Bacteria; p__Actinomycetota; c__Actinomycetes; o__Actinomycetales; f__Beutenbergiaceae; g__Pseudactinotalea	0.947919308011968
3e4c0a4445cb0e437cc54aa1f911443e	d__Bacteria; p__Bacteroidota; c__Bacteroidia; o__Sphingobacteriales; f__Sphingobacteriaceae; g__Parapedobacter	0.9949878329412731
3ee3826997deea93502fe7c397ce0546	d__Bacteria; p__Pseudomonadota; c__Gammaproteobacteria; o__Pseudomonadales_A_650612; f__Cellvibrionaceae; g__Cellvibrio; s__Cellvibrio japonicus	0.9999913815717238
3eeb24ec0234499cdfa413b4c1fc778e	d__Bacteria; p__Bacillota_I; c__Bacilli_A; o__Bacillales_B_306087; f__Bacillaceae_C_302577; g__Lederbergia_A_302086; s__Lederbergia_A_302086 panacisoli	0.9031380024468474
3f5d53e29b8d4a4bccb07f784719a92b	d__Bacteria; p__Actinomycetota; c__Actinomycetes; o__Actinomycetales; f__Dermabacteraceae; g__Brachybacterium; s__	0.7276754593900375
3f7e899bea2024e0ae1c1bb42c4f140c	d__Bacteria; p__Pseudomonadota; c__Alphaproteobacteria; o__Rhizobiales_505101; f__Devosiaceae; g__Pelagibacterium	0.965366820408121
40215177fc9203d551419327e182916f	d__Bacteria; p__Pseudomonadota; c__Gammaproteobacteria; o__Burkholderiales; f__Burkholderiaceae_A_593909; g__Bordetella_A_593672; s__Bordetella_A_593672 petrii	0.7673199424100023
402a5461b310b7c821314401faddf89d	d__Bacteria; p__Bacillota_I; c__Bacilli_A; o__Staphylococcales; f__; g__; s__	0.8137592608078454
402b5bd1569d5aac7ead185723295497	d__Bacteria; p__Bacteroidota; c__Bacteroidia; o__Bacteroidales; f__Tannerellaceae; g__Parabacteroides_B_862066; s__	0.7106379980041447
40ed46bcb442ebd432da0a88dae9d3ab	d__Bacteria; p__Bacteroidota; c__Bacteroidia; o__Bacteroidales; f__Dysgonomonadaceae; g__Dysgonomonas; s__Dysgonomonas capnocytophagoides	0.9999630106515961
40fdd720d44f3b1ed9da0dcb69790e38	d__Bacteria; p__Bacteroidota; c__Bacteroidia; o__Flavobacteriales_B_877923; f__Weeksellaceae; g__Chryseobacterium_A_796612; s__Chryseobacterium_A_796612 populi	0.9887298150068985
4162729ab700865d2d97da1def8292f5	d__Bacteria; p__Pseudomonadota; c__Alphaproteobacteria; o__Rhodobacterales; f__Rhodobacteraceae; g__Paracoccus; s__Paracoccus alcaliphilus	0.9124918129714299
417ce45f57337958a86a300b0524eed9	d__Bacteria; p__Pseudomonadota; c__Alphaproteobacteria; o__RF32; f__CAG-239; g__CAJLXD01; s__	0.9977201023448489
4188a58c0e9fd30a5ab34799944a8591	d__Bacteria; p__Bacillota_A_368345; c__Clostridia_258483; o__Saccharofermentanales; f__DTU023; g__SFGY01; s__	0.9962371891629077
41afced47d5080a13e705b67003a8013	d__Bacteria; p__Bacillota_I; c__Bacilli_A; o__Lactobacillales; f__Lactobacillaceae; g__Companilactobacillus; s__Companilactobacillus futsaii	0.9476494272708041
4202bb4fba8ca2713216ea835c456f79	d__Bacteria; p__Bacillota_B_370516; c__Desulfotomaculia_370516; o__Desulfotomaculales_370516; f__Pelotomaculaceae_370516; g__Pelotomaculum_C_370516; s__Pelotomaculum_C schinkii	0.9936666157179744
421124b838e3f02333dc8944e3683955	d__Bacteria; p__Pseudomonadota; c__Alphaproteobacteria; o__Rhizobiales_505101; f__Devosiaceae; g__Pelagibacterium; s__Pelagibacterium sediminicola	0.9833958057433857
4216174e01c31f99f867b0ede1408fec	d__Bacteria; p__Actinomycetota; c__Actinomycetes; o__Actinomycetales; f__Microbacteriaceae; g__Leucobacter	0.9972403433617947
422d85d9cbc31774ca870f307df69a29	d__Bacteria; p__Bacillota_I; c__Bacilli_A; o__Bacillales_D; f__Amphibacillaceae	0.9867217558728819
42831a641edb5b1477f25f2bcbfc5aeb	d__Bacteria; p__Bacteroidota; c__Bacteroidia; o__Flavobacteriales_B_877923; f__Crocinitomicaceae; g__Taishania; s__Taishania pollutisoli	0.9999999917953916
4297cc5f99d44e8aef0c8dce1e378b0e	d__Bacteria; p__Planctomycetota; c__Planctomycetia; o__Isosphaerales; f__Isosphaeraceae; g__Aquisphaera	0.9876883957952005
42d7d7bb7f47e9c11fc7d053905ca7ea	d__Bacteria; p__Actinomycetota; c__Actinomycetes; o__Propionibacteriales; f__Nocardioidaceae; g__Nocardioides_A_392796; s__Nocardioides_A_392796 houyundeii	0.8463995331944306
42e858067b53775bf5ea544c85671999	d__Bacteria; p__Bacillota_I; c__Bacilli_A; o__Staphylococcales; f__Staphylococcaceae	0.9951432834404275
4356a7ff2b4e2c5ee1814997d4c40710	d__Bacteria; p__Actinomycetota; c__Actinomycetes; o__Actinomycetales; f__Actinomycetaceae	0.9942647753243204
435a0973aed5e4b3b4b0e5b62bf53f8f	d__Bacteria; p__Bacillota_A_368345; c__Clostridia_258483; o__Lachnospirales; f__Cellulosilyticaceae; g__; s__	0.9997806247074102
438dc2a2ea2405a782df5830ae62100e	d__Bacteria; p__Pseudomonadota; c__Alphaproteobacteria; o__Rhizobiales_505101; f__Rhizobiaceae; g__Agrobacterium	0.8501110119982758
43cd8b48d40b39441be11d2ce9cc4299	d__Bacteria; p__Bacillota_A_368345; c__Clostridia_258483; o__Lachnospirales; f__Lachnospiraceae	0.9999997179710547
43cf372b941ae336b90f610d4073571e	d__Bacteria; p__Actinomycetota; c__Actinomycetes; o__Actinomycetales; f__Brevibacteriaceae; g__Brevibacterium	0.9996492388860141
43d54f46dba396842221811fa9a696c8	d__Bacteria; p__Pseudomonadota; c__Gammaproteobacteria; o__Burkholderiales; f__Burkholderiaceae_A_593909; g__Bordetella_A_593886	0.7875776995724897
44096dd5ff7c9eb280fb1332e5d0244f	d__Bacteria; p__Actinomycetota; c__Thermoleophilia; o__Gaiellales; f__Gaiellaceae; g__GMQP-bins7; s__GMQP-bins7 sp004366385	0.9998865519247959
4472b8a122f7775d492278da34a2c780	d__Bacteria; p__Bacteroidota; c__Bacteroidia; o__Flavobacteriales_B_877923; f__Weeksellaceae; g__Empedobacter; s__Empedobacter brevis	0.9999186115629849
4533fb91e3b195dad2fcaa93a9f26386	d__Bacteria; p__Actinomycetota; c__Actinomycetes; o__Actinomycetales; f__Cellulomonadaceae; g__Jonesia; s__Jonesia denitrificans	0.9998610663711692
456adc094e18f673b2faf3db923dc1d3	d__Bacteria; p__Bdellovibrionota_473306; c__Bdellovibrionia; o__Bdellovibrionales; f__UBA1609; g__J124; s__J124 sp003694355	0.9999999037709888
456fa6cb5f02bd2be59f290359e28469	d__Bacteria; p__Bacillota_A_368345; c__Clostridia_258483; o__Acetivibrionales; f__DTU013; g__MnB-11; s__MnB-11 sp012027035	0.9999205813183507
458499267bb63394940e7061c4b034af	d__Bacteria; p__Actinomycetota; c__Actinomycetes; o__Mycobacteriales; f__Mycobacteriaceae; g__Corynebacterium	0.9971090080849383
459b8772ba322b27cf074474ad435b3c	d__Bacteria; p__Bacteroidota; c__Bacteroidia; o__Bacteroidales; f__Dysgonomonadaceae; g__Dysgonomonas; s__Dysgonomonas massiliensis	0.9249201194360596
45c264455273585fcd7680543d54651d	d__Bacteria; p__Pseudomonadota; c__Alphaproteobacteria; o__Rhodobacterales; f__Rhodobacteraceae; g__Sulfitobacter_E_490551; s__Sulfitobacter_E_490551 pontiacus	0.8844887206467629
464a52deb6e8c4e2b57d980a8d18f04c	d__Bacteria; p__Bacillota_A_368345; c__Clostridia_258483; o__Peptostreptococcales; f__Peptostreptococcaceae_256921; g__Romboutsia_B; s__Romboutsia_B ilealis	0.8845456315359344
466ee13ec15fa28f0d0de97186f7cc6c	d__Bacteria; p__Myxococcota_A_473307; c__Polyangia_463783; o__Polyangiales; f__Polyangiaceae; g__; s__	0.9999998854113481
46cbd9b5f73c92b169f2dba72317af67	d__Bacteria; p__Verrucomicrobiota; c__Verrucomicrobiae; o__Opitutales; f__Cerasicoccaceae; g__Cerasicoccus; s__Cerasicoccus arenae	0.9270877131349607
46d8a30481d478e41e68b223a01f757a	d__Bacteria; p__Bacteroidota; c__Bacteroidia; o__Bacteroidales; f__Rikenellaceae; g__Gallalistipes; s__	0.9986995420496421
4801e091a3871fa3e0cf94ac923ecfeb	d__Bacteria; p__Actinomycetota; c__Actinomycetes; o__Actinomycetales; f__Brevibacteriaceae; g__Brevibacterium; s__Brevibacterium mcbrellneri	0.7292692030915836
48225ec4a19517e2d38c1e84dd2edda9	d__Bacteria; p__Bacillota_A_368345; c__Clostridia_258483; o__Lachnospirales; f__Cellulosilyticaceae; g__Cellulosilyticum; s__Cellulosilyticum ruminicola	0.9999999941903185
48bbbdd4723cae7de69047d068e12e9f	d__Bacteria; p__Bacteroidota; c__Bacteroidia; o__Bacteroidales; f__Dysgonomonadaceae; g__Dysgonomonas; s__Dysgonomonas sp010501095	0.9999992905385783
493fb8a087bd24f4f99cedb4df8376a7	d__Bacteria; p__Actinomycetota; c__Thermoleophilia; o__Miltoncostaeales; f__Miltoncostaeaceae; g__Miltoncostaea; s__Miltoncostaea oceani	0.9561352613272843
49477ebaa82d7d1fe4f9b5ed77e0b457	d__Bacteria; p__Bacillota_I; c__Bacilli_A	0.9999997931623779
49483cb9adcb0c428334b919614e58f3	d__Bacteria; p__Bacillota_A_368345; c__Clostridia_258483; o__Clostridiales; f__Clostridiaceae_222000; g__Clostridium_T; s__Clostridium_T septicum	0.8067947986271433
4968fb5752ff6417e1b47209b05db027	d__Bacteria; p__Myxococcota_A_473307; c__Polyangia_463783; o__Polyangiales; f__SG8-38; g__; s__	0.7098267217247543
49a361dc4554ca6f03bc8d8bf47e329c	d__Bacteria; p__Bacillota_I; c__Bacilli_A; o__Bacillales_A; f__Planococcaceae; g__Lysinibacillus_304693	0.896096857225621
49c525f93bd29affc9e67bdcf85155e2	d__Bacteria; p__Chloroflexota; c__Chloroflexia; o__Thermomicrobiales; f__; g__; s__	0.9939522156724769
49fc1baff761bf9d357844d43cd138ed	d__Bacteria; p__Bacillota_I; c__Bacilli_A; o__Lactobacillales; f__Enterococcaceae; g__Enterococcus_A	0.8894649968434849
4a0c29e90c687831024ef9ece74bf154	d__Bacteria; p__Bacteroidota; c__Bacteroidia; o__Sphingobacteriales; f__Sphingobacteriaceae; g__Sphingobacterium	0.9999992935939205
4a2e35082d74bcb7dfe5cd852f372d14	d__Bacteria; p__Bacillota_A_368345; c__Clostridia_258483; o__Tissierellales; f__Tissierellaceae	0.9999999973756529
4a32f1635f88214c4874eec85df56595	d__Bacteria; p__Pseudomonadota; c__Gammaproteobacteria; o__Enterobacterales_737866	0.9999956377635426
4a8edebc5d9d3c45f45f539d6d41f605	d__Bacteria; p__Pseudomonadota; c__Alphaproteobacteria; o__Rhizobiales_505101; f__Devosiaceae; g__Pelagibacterium; s__Pelagibacterium lacus	0.7874422654906946
4abdd565b3825b520f7708e8b18a039f	d__Bacteria; p__Actinomycetota; c__Actinomycetes; o__Actinomycetales; f__Microbacteriaceae; g__Microbacterium_A_383321; s__Huakuichenia soli	0.9999638373485884
4b1d6455f2c567f60082a851a32a197c	d__Bacteria; p__Bacillota_G; c__UBA4882; o__UBA8346; f__UBA8346; g__Hydrogenispora; s__Hydrogenispora ethanolica	0.8538087118937098
4b3a9227d9105da16c4f217f7ed535e5	d__Bacteria; p__Bacteroidota; c__Bacteroidia; o__Sphingobacteriales; f__Sphingobacteriaceae; g__Sphingobacterium	0.999840510547411
4b5a29ded55e5fcddf26492f0c426bcd	d__Bacteria; p__Actinomycetota; c__Actinomycetes; o__Actinomycetales; f__Microbacteriaceae	0.9999631215906822
4bb5c9f828dbc702e5c8c503e8724c03	d__Bacteria; p__Bacillota_I; c__Bacilli_A; o__Bacillales_B_306087	0.7465668921831133
4bc68496ab403bd48b4794b2b18c0a15	d__Bacteria; p__Actinomycetota; c__Acidimicrobiia_401430; o__Acidimicrobiales	0.8817434533627049
4be290e254fa4ac0e679a6f70bd877d6	d__Bacteria; p__Bacillota_I; c__Bacilli_A; o__Bacillales_A; f__Planococcaceae; g__Savagea; s__Savagea faecisuis	0.9990078377815442
4bf161c9f5486f35768c046eb316b172	d__Bacteria; p__Bacillota_I; c__Bacilli_A; o__; f__; g__; s__	0.8994300433826989
4bfd7a3c1dab20cd23559df6c9b02261	d__Bacteria; p__Bacillota_G; c__Limnochordia; o__DTU010; f__DTU012; g__DTU012; s__DTU012 sp900019385	0.9641783282999682
4c03eff6958198e8586636005b680c9e	d__Bacteria; p__Bacillota_A_368345; c__Clostridia_258483; o__Lachnospirales; f__Lachnospiraceae; g__Oribacterium; s__	0.8773287280687992
4c070d622c9cb11fe18204a9aadd5fc8	d__Bacteria; p__Bacteroidota; c__Bacteroidia; o__Bacteroidales; f__Tenuifilaceae; g__SB25; s__	0.9999997457840988
4c53286a3857b0ed211128eb2a240073	d__Bacteria; p__Bacteroidota; c__Bacteroidia; o__Sphingobacteriales; f__Sphingobacteriaceae; g__Parapedobacter	0.9840808574891117
4cbe0992e1bf224f8b17bc9bbebf7dd2	d__Bacteria; p__Actinomycetota; c__Coriobacteriia; o__Coriobacteriales; f__Eggerthellaceae; g__Raoultibacter; s__Raoultibacter phocaeensis	0.9932409365921026
4cf550e5c212e54cf6c71bce8c7d3731	d__Bacteria; p__Bacillota_I; c__Bacilli_A; o__Bacillales_B_306087; f__Caldibacillaceae; g__Bacillus_J_295379; s__Bacillus_J_295379 andreraoultii	0.9699296293204398
4d09cc2dff62e0b8411d4f7e54b0e1cf	d__Bacteria; p__Bacillota_A_368345; c__Clostridia_258483; o__Tissierellales; f__Peptoniphilaceae; g__Citroniella; s__Citroniella saccharovorans	0.7627567617238749
4d24486faf0b7c1289b313ce31151331	d__Bacteria; p__Pseudomonadota; c__Alphaproteobacteria	0.9999453092289567
4d5cc07e5d0da4611268ffac1eb794f6	d__Bacteria; p__Pseudomonadota; c__Alphaproteobacteria; o__Rhizobiales_505101; f__Rhizobiaceae; g__Paenochrobactrum	0.9774050016524116
4dc7f6deeb7a5accf0a344c4830e4632	d__Bacteria; p__Bacillota_I; c__Bacilli_A; o__MOL361; f__Turicibacteraceae; g__Turicibacter; s__Turicibacter bilis	0.9469228739503107
4de6d7f9c6af8cdfff71559f67ffed50	d__Bacteria; p__Bacillota_A_368345; c__Clostridia_258483; o__Christensenellales; f__Borkfalkiaceae; g__; s__	0.9966327311437227
4dff0dd3774067dd074a267cf62c5359	d__Bacteria; p__Actinomycetota; c__Actinomycetes; o__Actinomycetales; f__Brevibacteriaceae; g__Brevibacterium; s__Brevibacterium senegalense	0.9096019236347722
4e06abfb17f58e6b1476c4532fd664ff	d__Bacteria; p__Pseudomonadota; c__Gammaproteobacteria; o__Burkholderiales; f__Burkholderiaceae_A_595373; g__Alcaligenes	0.9997385206802182
4e445178e20e89871b6459c52dcde954	d__Bacteria; p__Actinomycetota; c__Actinomycetes; o__Mycobacteriales; f__Mycobacteriaceae; g__Corynebacterium; s__Corynebacterium amycolatum_A	0.9137385709960815
4e6dc966ff878651c691ea5e0ae83425	d__Bacteria; p__Actinomycetota; c__Actinomycetes; o__Actinomycetales; f__Microbacteriaceae; g__Leucobacter	0.8762755130978913
4e7fbe461ca688708fa1129cd7582051	d__Bacteria; p__Bacillota_A_368345; c__Clostridia_258483; o__Oscillospirales	0.9869669265879284
4e94f9553e3fa3d82faa61c270ff5a79	d__Bacteria; p__Bacillota_I; c__Bacilli_A; o__Staphylococcales; f__Staphylococcaceae; g__Staphylococcus; s__Staphylococcus argensis	0.732222627129893
4ea26f92223e9f586a6979e85e256345	d__Bacteria; p__Pseudomonadota; c__Gammaproteobacteria; o__Enterobacterales_737866; f__Enterobacteriaceae_A_732334; g__Xenorhabdus	0.9032718652381052
4f0b3ebb6643a46db98193ea57362d32	d__Bacteria; p__Bdellovibrionota_473306; c__Bacteriovoracia; o__Bacteriovoracales; f__Bacteriovoracaceae; g__Peredibacter; s__Peredibacter starrii	0.9998230750049986
4f138eea8c09f11dcef38b47f643d1eb	d__Bacteria; p__Bacteroidota; c__Bacteroidia; o__Chitinophagales; f__Chitinophagaceae; g__Edaphocola_927667; s__Edaphocola sp001897155	0.9999994290345381
4f7a473149c95cb54390f74dd28e0588	d__Bacteria; p__Bdellovibrionota_473306; c__Bacteriovoracia; o__Bacteriovoracales; f__Bacteriovoracaceae; g__Peredibacter; s__Peredibacter starrii	0.9995407978007206
4fc1bbccb64ed14c4cc29ae5c718eaad	d__Bacteria; p__Bacillota_A_368345; c__Clostridia_258483; o__Oscillospirales; f__Acutalibacteraceae; g__Scatolibacter; s__Scatolibacter rhodanostii	0.9999216874598017
4fd4bbbe5ba3bad87c53acec894626e4	d__Bacteria; p__Pseudomonadota; c__Gammaproteobacteria; o__Burkholderiales; f__Burkholderiaceae_A_595373; g__Alcaligenes	0.9999955711605963
4fdd36ab8ab77b5a8e8a60ad940b6fc2	d__Bacteria; p__Pseudomonadota; c__Alphaproteobacteria; o__Rhodobacterales; f__Rhodobacteraceae; g__Paenirhodobacter_493297; s__Paenirhodobacter populi	0.8260308980768863
500609e4d8ec16875418ad59f982b0a7	d__Bacteria; p__Bacteroidota; c__Bacteroidia; o__Flavobacteriales_B_877923; f__Flavobacteriaceae; g__Flavobacterium	0.9997054377616893
501daa2761efe56ab28e926b9f73546d	d__Bacteria; p__Bacillota_A_368345; c__Clostridia_258483; o__Clostridiales; f__Clostridiaceae_222000; g__Clostridium_T	0.999999134941367
5044ef05f55391424d86c737c3a599cf	d__Bacteria; p__Pseudomonadota; c__Alphaproteobacteria; o__Rhodobacterales; f__Rhodobacteraceae; g__Poseidonocella_488769; s__	0.9999998811695079
509e5e347413a44201e7dfcdee075586	d__Bacteria; p__Bacillota_A_368345; c__Clostridia_258483; o__Oscillospirales; f__Ruminococcaceae; g__Acetanaerobacterium; s__Acetanaerobacterium elongatum	0.9892335710449532
50a3b56e0b7db75ee9daccf7a751ba41	d__Bacteria; p__Pseudomonadota; c__Gammaproteobacteria; o__Pseudomonadales_A_660879; f__Moraxellaceae; g__Acinetobacter	0.9999999999220573
50bb9bd8d221df8736f0aa38cfc362de	d__Bacteria; p__Bacillota_I; c__Bacilli_A; o__Bacillales_A; f__Planococcaceae; g__Ureibacillus; s__Ureibacillus thermosphaericus	0.977570163734939
50cd1c266d1dc408241ee6655a3b47b2	d__Bacteria; p__Pseudomonadota; c__Alphaproteobacteria; o__Sphingomonadales; f__Sphingomonadaceae_486827; g__Sphingopyxis_485592; s__Sphingopyxis ginsengisoli	0.9739017359170428
5118fb1e8e9b3e2f5936d83419aa6957	d__Bacteria; p__Bacillota_A_368345; c__Clostridia_258483; o__Peptostreptococcales; f__Peptostreptococcaceae_256921	0.777193753788571
51424cbd1303358b03661b4e82bc1eb4	d__Bacteria; p__Pseudomonadota; c__Gammaproteobacteria; o__Pseudomonadales_A_660879; f__Moraxellaceae; g__Psychrobacter	0.9999982860316743
515d422439eb30cdd0ccb04ca82438e7	d__Bacteria; p__Planctomycetota; c__Planctomycetia; o__Isosphaerales; f__Isosphaeraceae; g__Aquisphaera	0.9710236063553508
5172b3bed3cdf723c920699cf32f3356	d__Bacteria; p__Bacillota_I; c__Bacilli_A; o__Bacillales_D; f__Amphibacillaceae; g__Oceanobacillus_287537; s__Oceanobacillus indicireducens	0.9891561011865373
517dbac44c2b9e1022bad7c3cc8d2d27	d__Bacteria; p__Actinomycetota; c__Actinomycetes; o__Actinomycetales; f__Actinomycetaceae; g__Scrofimicrobium; s__Scrofimicrobium minihominis	0.9998114808306776
518a96ba7044f701707621de1772c6f2	d__Bacteria; p__Bacillota_A_368345; c__Clostridia_258483; o__Tissierellales; f__Peptoniphilaceae; g__Peptoniphilus_B_226807; s__Peptoniphilus_B_226807 stercorisuis	0.9999999886133965
51c0ecf37a7655d3ff9e33f8762ebba7	d__Bacteria; p__Bacillota_I; c__Bacilli_A; o__Acholeplasmatales; f__Acholeplasmataceae; g__; s__	0.9787522494169727
51e441cbdcc80da0656e82293ae160b5	d__Bacteria; p__Bacteroidota; c__Bacteroidia; o__Bacteroidales; f__Bacteroidaceae; g__Bacteroides_H_857956	0.9999999999965932
522777cd1e89965062662bcfc6320a40	d__Bacteria; p__Bacteroidota; c__Bacteroidia; o__Sphingobacteriales; f__Sphingobacteriaceae; g__Sphingobacterium	0.9999999881824215
5254ac813be63944a9cba4c95799b15c	d__Bacteria; p__Bacteroidota; c__Bacteroidia; o__Bacteroidales; f__Dysgonomonadaceae; g__; s__	0.996257162659051
525fb0fc130c0488f8473d41dc5c1339	d__Bacteria; p__Bacteroidota; c__Bacteroidia; o__Sphingobacteriales; f__Sphingobacteriaceae; g__Sphingobacterium; s__Sphingobacterium jejuense	0.9999985393344143
526fc5674c7c8189dad2531890cc8f2b	d__Bacteria; p__Bacteroidota; c__Bacteroidia; o__Sphingobacteriales; f__Sphingobacteriaceae; g__Sphingobacterium	0.9999983690559981
52bbb76c81a32df03bbd6fb0902b4f55	d__Bacteria; p__Bacillota_I; c__Bacilli_A	0.9868735553974866
52d549eb93c02ff10f9293b5cf20b20d	d__Bacteria; p__Pseudomonadota; c__Gammaproteobacteria; o__Pseudomonadales_A_650611; f__Pseudomonadaceae	0.996131236410729
52e59244952b2a15ad53ac8979c8b575	d__Bacteria; p__Bacillota_I; c__Bacilli_A; o__Bacillales_D; f__Amphibacillaceae; g__Amphibacillus_B	0.8510087383826979
5350a7eedd58e4d82dff99927db280c5	d__Bacteria; p__Bacillota_A_368345; c__Clostridia_258483; o__Clostridiales; f__Clostridiaceae_222000; g__Clostridium_H_221916; s__Clostridium_H_221916 bovifaecis	0.8018773342401407
535e412b7d4bd9cc69c872b18b0bfa08	d__Bacteria; p__Pseudomonadota; c__Gammaproteobacteria; o__Pseudomonadales_A_660879; f__Moraxellaceae; g__Acinetobacter; s__Acinetobacter rudis	0.9691808487319051
5384ae70c9b3c537fa00cace32093536	d__Bacteria; p__Pseudomonadota; c__Gammaproteobacteria; o__Burkholderiales	0.9999999668141216
53db2d8f780eba78caeb2a5479e00e00	d__Bacteria; p__Pseudomonadota; c__Gammaproteobacteria; o__Pseudomonadales_A_650612; f__Cellvibrionaceae; g__Cellvibrio; s__Cellvibrio japonicus	0.9999994159969533
53e1b42a26f12c7056f1acb645630a26	d__Bacteria; p__Bacillota_I; c__Bacilli_A; o__Lactobacillales; f__Listeriaceae; g__Brochothrix; s__Brochothrix thermosphacta	0.9990991789982321
53e985feb8fe5ac1ea02dae1d6ac8129	d__Bacteria; p__Bacillota_I; c__Bacilli_A; o__Bacillales_D; f__Amphibacillaceae; g__Pseudogracilibacillus; s__Pseudogracilibacillus endophyticus	0.9686681467238627
5406c8862ed42ff911ced24d53543e8e	d__Bacteria; p__Bacillota_I; c__Bacilli_A; o__Lactobacillales; f__Lactobacillaceae; g__Leuconostoc_B; s__Leuconostoc_B miyukkimchii	0.9639924474029571
54281d0953cc86989622243fa41ad32a	d__Bacteria; p__Bacillota_I; c__Bacilli_A	0.9999999690966256
542893882d08b72f52f74ae4a80cc09c	d__Bacteria; p__Pseudomonadota; c__Gammaproteobacteria; o__Burkholderiales; f__Burkholderiaceae_A_595421; g__Burkholderia	0.998780041208418
5465b37a3602e0aff4f788d5aefb3521	d__Bacteria; p__Bacillota_A_368345; c__Clostridia_258483; o__Tissierellales; f__Peptoniphilaceae; g__Anaerococcus; s__Anaerococcus provencensis	0.999995830392645
54fd5e3a972ede377dd6b83b61563b66	d__Bacteria; p__Bacillota_I; c__Bacilli_A; o__Paenibacillales; f__Paenibacillaceae_367444; g__Paenibacillus_A; s__Paenibacillus_A ihumii	0.9828757941311509
552c4c4e8063821576a2177d69e6361b	d__Bacteria; p__Actinomycetota; c__Actinomycetes; o__Actinomycetales; f__Micrococcaceae; g__Arthrobacter_D	0.9119189025482551
555f2fe162528cc0a1f52a234f499236	d__Bacteria; p__Bacillota_I; c__Bacilli_A; o__Staphylococcales; f__Salinicoccaceae; g__Jeotgalicoccus_A_310698; s__Jeotgalicoccus_A_310698 schoeneichii	0.9850255073895073
55717216c050532e76f112933b39decf	d__Bacteria; p__Bacteroidota; c__Bacteroidia; o__Sphingobacteriales; f__Sphingobacteriaceae; g__Albibacterium; s__	0.981134608712417
558b33c6a2edefe223bab5f24d6386f3	d__Bacteria; p__Bacillota_I; c__Bacilli_A; o__Bacillales_D; f__Amphibacillaceae; g__Gracilibacillus	0.998940985175972
561c57f0807fec4cfcf4bddd3afdd016	d__Bacteria; p__Bacteroidota; c__Bacteroidia; o__Flavobacteriales_B_877923; f__Flavobacteriaceae; g__Flavobacterium; s__Myroides ceti	0.9999938432359655
5629953712bab13361bb7f056e3853e0	d__Bacteria; p__Pseudomonadota; c__Gammaproteobacteria; o__Enterobacterales_737866; f__Alteromonadaceae; g__Pseudidiomarina; s__Pseudidiomarina tainanensis	0.9631275178319502
563195e4522b52ac6366d948072431d2	d__Bacteria; p__Bacillota_I; c__Bacilli_A; o__ML615J-28; f__CAG-698; g__UBA2253; s__	0.9999997335334214
565eb788433094300eceacd42ade4899	d__Bacteria; p__Actinomycetota; c__Actinomycetes; o__Mycobacteriales; f__Mycobacteriaceae; g__Rhodococcus_376336	0.9999999973561898
567d15b98fcf5dffa1465aa6ad79104a	d__Bacteria; p__Pseudomonadota; c__Gammaproteobacteria; o__Burkholderiales; f__; g__; s__	0.7673228780537863
5681078f56af53b6b6e34c07a0d72a21	d__Bacteria; p__Pseudomonadota; c__Gammaproteobacteria; o__Burkholderiales; f__Burkholderiaceae_A_595421	0.9999991191117557
56f073c72bd53ed550374a1aa1ece6aa	d__Bacteria; p__Bacteroidota; c__Bacteroidia; o__Flavobacteriales_B_877923; f__Flavobacteriaceae	0.9989988799466646
5718dce3184cce67c6ab18ebd1ec748e	d__Bacteria; p__Pseudomonadota; c__Alphaproteobacteria; o__Rhizobiales_505101; f__Rhizobiaceae	0.9767511867687535
574d164310944193d8fc13dc10346e58	d__Bacteria; p__Pseudomonadota; c__Alphaproteobacteria; o__Sphingomonadales; f__Sphingomonadaceae_486827; g__Sphingomonas_L_486704	0.9999593830023693
57db4a0ff5960374067c2387b704cc79	d__Bacteria; p__Bacteroidota; c__Bacteroidia; o__Flavobacteriales_B_877923; f__Weeksellaceae; g__Empedobacter; s__Empedobacter stercoris	0.8188824661973394
5811d56f2b670582c9eda11a8333d297	d__Bacteria; p__Pseudomonadota; c__Gammaproteobacteria; o__Enterobacterales_737866; f__Alteromonadaceae; g__Pseudidiomarina; s__Idiomarina indica	0.8275552239610661
5854ff4365d382a4b354d53ae93adee8	d__Bacteria; p__Actinomycetota; c__Actinomycetes; o__Propionibacteriales; f__Nocardioidaceae; g__Nocardioides_A_392796	0.9711326574921778
585e620745318dc31effdc484f857bbf	d__Bacteria; p__Actinomycetota; c__Actinomycetes; o__Propionibacteriales; f__Nocardioidaceae; g__Aeromicrobium	0.9618821995409343
58617bd5446f7a8a0b1a7c2229f83cbb	d__Bacteria; p__Bacillota_I; c__Bacilli_A; o__Lactobacillales; f__Lactobacillaceae; g__Companilactobacillus; s__Companilactobacillus alimentarius	0.8885284466803806
58a228071533d5bda86d9569d4f8231b	d__Bacteria; p__Bacteroidota; c__Bacteroidia; o__Flavobacteriales_B_877923; f__Flavobacteriaceae; g__Flavobacterium	0.9981770347162822
58a6ae4752afdbd01e259c95a2d36e52	d__Bacteria; p__Bacillota_A_368345; c__Clostridia_258483; o__Tissierellales; f__Peptoniphilaceae; g__Miniphocaeibacter	0.8468476501812257
58f69f6aa740a7671ac5f19457495d0c	d__Bacteria; p__Pseudomonadota; c__Gammaproteobacteria; o__Burkholderiales; f__Burkholderiaceae_A_595373	0.7001361692294851
591549510794ee0597255913edc6d295	d__Bacteria; p__Pseudomonadota; c__Alphaproteobacteria; o__Sphingomonadales; f__Sphingomonadaceae_486827	0.9999982243550929
591fdc53776a4a569dd5379997b200ba	d__Bacteria; p__Actinomycetota; c__Actinomycetes; o__Actinomycetales; f__Cellulomonadaceae; g__Cellulosimicrobium	0.7699110641815564
59301ea718ec08f0c3410ab97b9ce2c1	d__Bacteria; p__Bacteroidota; c__Bacteroidia; o__Cytophagales_B; f__Cyclobacteriaceae	0.9999935298914773
5938b2b84c9d346339f30d8f7f0534c5	d__Bacteria; p__Pseudomonadota; c__Gammaproteobacteria; o__Burkholderiales; f__Burkholderiaceae_A_595425; g__Zeimonas; s__	0.9904707453690382
597f012386b3e5e1745e76df8f7161b2	d__Bacteria; p__Bacillota_A_368345; c__Clostridia_258483; o__Peptostreptococcales; f__Peptostreptococcaceae_256921; g__Sporacetigenium; s__Sporacetigenium mesophilum	0.9971836720654792
59d0a4da64ea105d104a768d540db025	d__Bacteria; p__Chloroflexota; c__Anaerolineae	0.7395101860052753
5a0efb30f86e032a7aa853edd2bc8ac1	d__Bacteria; p__Bacillota_A_368345; c__Clostridia_258483; o__Christensenellales	0.7081758408791072
5a148d5ea67e753b191c9d3ae5f4be89	d__Bacteria; p__Bacillota_I; c__Bacilli_A; o__Aneurinibacillales; f__Aneurinibacillaceae	0.7671274509553926
5a196207f492ca86554d593cba98838c	d__Bacteria; p__Actinomycetota; c__Actinomycetes; o__Streptosporangiales; f__Streptosporangiaceae; g__Nocardiopsis_D	0.998723693241805
5a437bd43391e12d48ae4cc7b4b9d6a2	d__Bacteria; p__Actinomycetota; c__Actinomycetes; o__Actinomycetales; f__Microbacteriaceae	0.9997577021387476
5a53a1ea1eb2178a743da68468c37699	d__Bacteria; p__Pseudomonadota; c__Gammaproteobacteria; o__Burkholderiales	0.9999997065742198
5a7ac540c886af6d90da6713da4c25cf	d__Bacteria; p__Bacillota_A_368345; c__Clostridia_258483; o__Clostridiales; f__Clostridiaceae_222000; g__Clostridium_H_221916; s__Clostridium_H_221916 novyi	0.9966572700601494
5a88f7e5c7ad2c3e707b9a5f22ca5b4f	d__Bacteria; p__Pseudomonadota; c__Gammaproteobacteria; o__Xanthomonadales; f__Xanthomonadaceae; g__CU05-9; s__CU05-9 sp007556525	0.9334680041958047
5a8d8b8d29004bec4c828cfb1f01d5f2	d__Bacteria; p__Pseudomonadota; c__Alphaproteobacteria; o__Rhodobacterales; f__Rhodobacteraceae	0.9977801311691159
5adef904cdab7fdf768ad570c5acc87e	d__Bacteria; p__Bacillota_A_368345; c__Clostridia_258483; o__Tissierellales; f__Peptoniphilaceae; g__Peptoniphilus_B_226807; s__Peptoniphilus_B_226807 stercorisuis	0.9998976534039247
5af8937ece058f5722b749045a09ca4a	d__Bacteria; p__Actinomycetota; c__Actinomycetes; o__Mycobacteriales; f__Mycobacteriaceae; g__Corynebacterium	0.9999999851080543
5b0b7ced07185d0319461c8bcf8c0e71	d__Bacteria; p__Bacillota_I; c__Bacilli_A; o__Paenibacillales; f__NBRC-103111; g__Paenibacillus_AB	0.8586612394466194
5b3f26f84e2d1e8aa0a0e73b7099769d	d__Bacteria; p__Verrucomicrobiota; c__Verrucomicrobiae; o__Opitutales; f__Cerasicoccaceae; g__Cerasicoccus; s__Cerasicoccus arenae	0.9629513986895082
5b84f9aefbea73054bcb5ebbf3904893	d__Bacteria; p__Actinomycetota; c__Actinomycetes; o__Actinomycetales; f__Dermatophilaceae	0.9999999094010318
5b90922cc32aeda5e4e00d821fea6a73	d__Bacteria; p__Acidobacteriota; c__Vicinamibacteria; o__Vicinamibacterales; f__UBA2999; g__WHSN01; s__WHSN01 sp902826465	0.8689281078886864
5c443c4a3002a590ed60814e506575a9	d__Bacteria; p__Pseudomonadota; c__Alphaproteobacteria	0.9992991080055418
5c6a029b91ccc629373c2a2cfdd678b3	d__Bacteria; p__Bacteroidota; c__Bacteroidia; o__Cytophagales_B; f__Spirosomataceae; g__Ravibacter; s__	0.9999999999991617
5c76cac1f417251767b4730cabf4f9b8	d__Bacteria; p__Actinomycetota; c__Actinomycetes; o__Streptomycetales_400645; f__Streptomycetaceae_400641; g__Streptomyces_400150	0.999963380716077
5c7fc5bf5e15e9f794e94845efea1b55	d__Bacteria; p__Bacillota_I; c__Bacilli_A; o__Lactobacillales; f__Vagococcaceae; g__Vagococcus_B; s__Vagococcus_B fluvialis	0.9131771359066742
5c909e9e57471d92d76ae92f6dbf92c6	d__Bacteria; p__Bacillota_I; c__Bacilli_A; o__Bacillales_B_306087; f__Caldibacillaceae; g__Caldibacillus_B; s__Caldibacillus_B pasinlerensis	0.9555457229959831
5c996ddcd854447d7e3f34a745a4c830	d__Bacteria; p__Pseudomonadota; c__Gammaproteobacteria; o__Pseudomonadales_A_650611; f__Pseudomonadaceae; g__Thiopseudomonas	0.7908029890514416
5ca2034ec80ec4ba57aa22813847142b	d__Bacteria; p__Myxococcota_A_473307; c__Bradymonadia; o__REDH01; f__REDH01; g__REDH01; s__REDH01 sp007693585	0.9993254118405996
5cc17238924dcd7de162cffc4d82a30b	d__Bacteria; p__Bacillota_A_368345; c__Clostridia_258483; o__Oscillospirales; f__Ruminococcaceae; g__Fimivivens; s__Fimivivens sp900113995	0.9999826349186071
5ce0f7f9648d6ec37a08d78d4ad49745	d__Bacteria; p__Bacillota_I; c__Bacilli_A; o__Erysipelotrichales; f__Erysipelotrichaceae; g__Erysipelothrix; s__Erysipelothrix larvae	0.9988222584300039
5d221fa0085441c22f58f319145bf353	d__Bacteria; p__Actinomycetota; c__Actinomycetes; o__Mycobacteriales; f__Mycobacteriaceae; g__Corynebacterium; s__Corynebacterium massiliense	0.9999910643169921
5d4854763b906bb664c44140f5a9cfa3	d__Bacteria; p__Bacillota_I; c__Bacilli_A; o__Bacillales_A; f__Planococcaceae; g__Kurthia; s__Kurthia massiliensis	0.9831225607798837
5da4549321419b4af02596e949796186	d__Bacteria; p__Bacteroidota; c__Bacteroidia; o__Bacteroidales; f__Tenuifilaceae; g__SB25; s__	0.938978571568982
5db44f2de075e18de4a31a3c468f1755	d__Bacteria; p__Bacteroidota; c__Bacteroidia; o__Bacteroidales; f__Dysgonomonadaceae; g__Proteiniphilum; s__	0.9934298141433704
5e1b1a184f39707f87284bd6663f8422	d__Bacteria; p__Bacillota_I; c__Bacilli_A; o__Lactobacillales; f__Carnobacteriaceae; g__Atopostipes; s__	0.9323559364928827
5e8b2b9fdb511d4faaf27bd2866d5160	d__Bacteria; p__Bacillota_I; c__Bacilli_A; o__Lactobacillales; f__Lactobacillaceae; g__Ligilactobacillus; s__Ligilactobacillus acidipiscis	0.8754114620948593
5ea47811a8275ec5dadade92ce4f0434	d__Bacteria; p__Pseudomonadota; c__Gammaproteobacteria; o__Burkholderiales; f__Burkholderiaceae_A_595421; g__Burkholderia	0.9990998629539525
5ecae8ee4e2d7fc4d29d6b6d527c34f4	d__Bacteria; p__Pseudomonadota; c__Alphaproteobacteria; o__Micavibrionales; f__Micavibrionaceae; g__UBA1573; s__	0.9819305243484306
5ee02059e6934ffd23c69046029f2385	d__Bacteria; p__Bacillota_A_368345; c__Clostridia_258483; o__Tissierellales; f__Peptoniphilaceae; g__Urinicoccus; s__Urinicoccus sp001299455	0.9999246079092341
5ee3aecba62e6132c53580d77e8e96d9	d__Bacteria; p__Bacteroidota; c__Bacteroidia; o__Sphingobacteriales; f__Sphingobacteriaceae; g__Sphingobacterium	0.9995067287574971
5f0f83959f7a30e18549f304db665252	d__Bacteria; p__Bacteroidota; c__Bacteroidia; o__Sphingobacteriales; f__Sphingobacteriaceae; g__Sphingobacterium; s__Sphingobacterium micropteri	0.7244209831800624
5ff7566c2cd2fee5ce9d9afec881991c	d__Bacteria; p__Pseudomonadota; c__Gammaproteobacteria; o__Pseudomonadales_A_650611; f__Pseudomonadaceae; g__Thiopseudomonas; s__Thiopseudomonas denitrificans	0.8227637945059852
601404b8fd8ac648367287981663bf96	d__Bacteria; p__Bacillota_I; c__Bacilli_A; o__Acholeplasmatales; f__Acholeplasmataceae; g__Acholeplasma_284948; s__Acholeplasma equirhinis	0.9999030366811584
6031722ded31c666bf26b74d3bde0dfb	d__Bacteria; p__Actinomycetota; c__Actinomycetes; o__Actinomycetales; f__Brevibacteriaceae; g__Sediminivirga; s__Sediminivirga luteola	0.9999728339730509
60719d0d588c0b0701114c6d9980111d	d__Bacteria; p__Bacteroidota; c__Bacteroidia; o__Sphingobacteriales; f__Sphingobacteriaceae; g__Parapedobacter; s__Parapedobacter lycopersici	0.9768776355355269
608e6548b1b4cbb6176c8fce090991a5	d__Bacteria; p__Actinomycetota; c__Actinomycetes; o__Actinomycetales; f__Actinomycetaceae; g__Pauljensenia	0.999777185181798
60927271758dc5d52c0726efbd0351a2	d__Bacteria; p__Bacillota_A_368345; c__Clostridia_258483; o__Lachnospirales; f__Lachnospiraceae; g__KM106-2; s__	0.9990456152907906
609cfe075d3af9506da2e29b0db659fe	d__Bacteria; p__Pseudomonadota; c__Alphaproteobacteria; o__Sphingomonadales; f__Sphingomonadaceae_486827; g__Sphingomonas_L_486704	0.999915188669251
60a640485dd6eda12f0d5fd59c252e2e	d__Bacteria; p__Bacillota_A_368345; c__Clostridia_258483; o__Tissierellales; f__Tissierellaceae; g__; s__	0.8311010777102815
60afdb2d5b484ca1022b9c79156cfc2c	d__Archaea; p__Thermoproteota; c__Nitrososphaeria_A; o__Nitrososphaerales; f__Nitrososphaeraceae; g__Nitrosocosmicus; s__Nitrosocosmicus hydrocola	0.961696049220512
60d9d571df5283200177f8d2c764fabf	d__Bacteria; p__Bacillota_I; c__Bacilli_A; o__Lactobacillales; f__Lactobacillaceae; g__Weissella	0.9999999996544242
60f6af91e1a0eeb0efbf69ecb344ddda	d__Bacteria; p__Bacillota_C; c__Negativicutes; o__Sporomusales_C_40889; f__Sporomusaceae_40889; g__Sporomusa; s__	0.7942733699947983
61050e2a017807c839b342bc5466e0c0	d__Bacteria; p__Planctomycetota; c__Planctomycetia; o__Isosphaerales; f__Isosphaeraceae; g__Paludisphaera; s__Paludisphaera sp001610895	0.8070443694884204
6112eb975ad2688a76bbbcf1927378bf	d__Bacteria; p__Pseudomonadota; c__Alphaproteobacteria; o__Rhizobiales_505101; f__Rhizobiaceae; g__Ochrobactrum_A_499027; s__Ochrobactrum_A_499027 pseudogrignonensis	0.9744342108319655
618cdb1e25d1f55b8439eb9e7092a031	d__Bacteria; p__Bacillota_I; c__Bacilli_A; o__Acholeplasmatales; f__Acholeplasmataceae; g__Acholeplasma_284948; s__Acholeplasma laidlawii	0.9997945772727233
619dff6284820833efb7574968d4b4cd	d__Bacteria; p__Bacteroidota; c__Bacteroidia; o__Bacteroidales; f__Dysgonomonadaceae; g__Dysgonomonas; s__	0.8864257120849551
61a164a6438f966a958fe34ed6326ecb	d__Bacteria; p__Actinomycetota; c__Actinomycetes; o__Mycobacteriales; f__Mycobacteriaceae; g__Corynebacterium; s__Corynebacterium urealyticum	0.9993988911173747
61bb65d235160b2a6f88603d7ce5c9d7	d__Bacteria; p__Bacillota_I; c__Bacilli_A; o__Bacillales_B_306089; f__Anoxybacillaceae	0.7251416427200119
61ce80827f7196bc090fa9a4cc34a138	d__Bacteria; p__Actinomycetota; c__Actinomycetes; o__Propionibacteriales; f__Nocardioidaceae; g__Nocardioides_A_392796; s__Nocardioides_A_392796 cynanchi	0.9894110992996116
61d1821fa3ebbc339fc2fadca3733668	d__Bacteria; p__Actinomycetota; c__Actinomycetes; o__Actinomycetales; f__Cellulomonadaceae	0.9999996509481177
61d482ecbb22227f9d3770a98bb1f31d	d__Bacteria; p__Bacillota_I; c__Bacilli_A; o__Lactobacillales; f__Aerococcaceae; g__Globicatella; s__Globicatella sulfidifaciens	0.7660729671289028
61ede6cd58e4c35c9c3b47a5ef42cfea	d__Bacteria; p__Bacillota_I; c__Bacilli_A; o__Bacillales_D; f__Amphibacillaceae	0.9995451618956094
62a466ff4f584613555f0379e280abb0	d__Bacteria; p__Bacillota_I; c__Bacilli_A; o__Bacillales_D; f__Amphibacillaceae; g__Terribacillus; s__Terribacillus saccharophilus	0.9997297876585319
62e0f60cf0c306f1a473d3bfa85c7859	d__Bacteria; p__Pseudomonadota; c__Gammaproteobacteria; o__Berkiellales; f__Berkiellaceae; g__Berkiella_A; s__Berkiella_A aquae	0.9993534856849954
6309d43c76b1bf5ef9c08aec842f79ad	d__Bacteria	0.9999999999653066
6311d267528181dd3033a0a9db7b85d6	d__Bacteria; p__Actinomycetota; c__Actinomycetes; o__Propionibacteriales; f__Nocardioidaceae	0.999999996488403
63159381296cc042b6e3272640ee5630	d__Bacteria; p__Bacillota_I; c__Bacilli_A; o__Exiguobacterales; f__Exiguobacteraceae; g__Exiguobacterium_A	0.999966483064045
63b8f951c2cc617d493c8eee6190e14a	d__Bacteria; p__Pseudomonadota; c__Alphaproteobacteria; o__Rhizobiales_505101; f__Rhizobiaceae	0.9999997013283541
63e36a4d3a62d8e640d371ecaf31eb7f	d__Bacteria; p__Bacteroidota; c__Bacteroidia; o__Sphingobacteriales; f__Sphingobacteriaceae; g__Sphingobacterium	0.9999998511773729
63f9099dc2ebd0c9b86100c1db82654c	d__Bacteria; p__Bacillota_A_368345; c__Clostridia_258483; o__Lachnospirales; f__Lachnospiraceae	0.9999991450951549
648fb6944deda44b131fe178dcc58220	d__Bacteria; p__Bacillota_I; c__Bacilli_A; o__Paenibacillales; f__Paenibacillaceae_367444; g__Paenibacillus_J_366884; s__Paenibacillus_J_366884 illinoisensis	0.7609244826818762
64b66ea78b23d08f249ad73b1b5064ac	d__Bacteria; p__Pseudomonadota; c__Gammaproteobacteria; o__Pseudomonadales_A_650611; f__Pseudomonadaceae; g__Stutzerimonas_648792	0.9999209560472277
64e3143061c347907079dce8633140ed	d__Bacteria; p__Bdellovibrionota_473306; c__Bdellovibrionia; o__Bdellovibrionales; f__Bdellovibrionaceae; g__Bdellovibrio; s__Bdellovibrio bacteriovorus_E	0.9999995063718583
64f835a15a82ecc3c93e1651b61a925a	d__Bacteria; p__Actinomycetota; c__Actinomycetes; o__Actinomycetales; f__Microbacteriaceae	0.9999908557278527
652ca961fff5bb1dd69f39387c327bbe	d__Bacteria; p__Bacillota_A_368345; c__Clostridia_258483; o__Clostridiales; f__Clostridiaceae_222000; g__Clostridium_AT; s__Clostridium_AT prolinivorans	0.995173784245458
654af46e122dfa6e0879d259432b08e0	d__Bacteria; p__Pseudomonadota; c__Alphaproteobacteria; o__Rhodobacterales; f__Rhodobacteraceae	0.9960130875431805
654fa56662657325a0892cbbf83bcf24	d__Bacteria; p__Bacillota_I; c__Bacilli_A; o__Bacillales_B_306087; f__Caldibacillaceae; g__Bacillus_J_295379	0.8968570078471784
6578d74f2b230e74a937dfbf1b35c0ea	d__Bacteria; p__Pseudomonadota; c__Alphaproteobacteria; o__Rhizobiales_505101; f__Rhizobiaceae	0.9970413761109375
65a51834e51b02bfe0fce41a0a56b7c9	d__Bacteria; p__Planctomycetota; c__Planctomycetia; o__Planctomycetales; f__Planctomycetaceae; g__UBA10511; s__	0.9944423784062555
65cc1f551d85f1d559a8b9bfd1dec84f	d__Bacteria	0.9999993969145782
65e2fe387bfdf0fa880811cceac1d59e	d__Bacteria; p__Pseudomonadota; c__Gammaproteobacteria; o__Burkholderiales; f__Burkholderiaceae_A_593909; g__Achromobacter	0.8958344683791848
663867d00899bf648a0c21999408b88d	d__Bacteria; p__Actinomycetota; c__Actinomycetes; o__Actinomycetales; f__Actinomycetaceae; g__Flaviflexus; s__Flaviflexus huanghaiensis	0.8422760273366857
669f739adbfa14948397ec5f79a7f90b	d__Bacteria; p__Pseudomonadota; c__Gammaproteobacteria; o__Nitrosococcales; f__Methylophagaceae; g__Methylophaga; s__Methylophaga thiooxydans	0.9946329439502056
67036ead9d1c01e89780503aeaf94d2e	d__Bacteria; p__Pseudomonadota; c__Alphaproteobacteria; o__Rhizobiales_505101; f__Devosiaceae; g__Devosia_A_502124; s__	0.9947229891828182
6715bac41d3932aca23b0cea57a2fb51	d__Bacteria; p__Actinomycetota; c__Actinomycetes; o__Mycobacteriales; f__Mycobacteriaceae; g__Corynebacterium; s__Corynebacterium pollutisoli	0.8578326134813324
672a4a49962a06679879925b9bde0e02	d__Bacteria; p__Myxococcota_A_473307; c__Bradymonadia; o__REDH01; f__REDH01; g__REDH01; s__REDH01 sp007693585	0.9993760314614039
673f6792bbb71e284ec7e8cd4f3cac36	d__Bacteria; p__Pseudomonadota; c__Alphaproteobacteria; o__Micavibrionales; f__Micavibrionaceae; g__UBA9664; s__UBA9664 sp002699085	0.9999999984147935
677929eac52be081cdae08a0b9c70eb2	d__Bacteria; p__Pseudomonadota; c__Gammaproteobacteria; o__Enterobacterales_737866; f__Enterobacteriaceae_A_725029	0.9301810529045382
6791ebcbec96f7350f04627462f424de	d__Bacteria; p__Bacillota_A_368345; c__Clostridia_258483; o__Lachnospirales; f__Anaerotignaceae; g__Anaerotignum_189125; s__	0.7010401042118566
679f4c07951f02771ee6791b2a35cf6d	d__Bacteria; p__Actinomycetota; c__Actinomycetes; o__Actinomycetales; f__Microbacteriaceae; g__Leucobacter	0.9389850025739641
67d5b26fafc1e1a22de92f20498d79f0	d__Bacteria; p__Pseudomonadota; c__Gammaproteobacteria; o__Pseudomonadales_A_650611; f__Pseudomonadaceae; g__Pseudomonas_H_648791; s__Pseudomonas_H_648791 flexibilis	0.999965490509854
67d720e94fa12e0a18650b442766486f	d__Bacteria; p__Bacillota_A_368345; c__Clostridia_258483; o__Tissierellales; f__Peptoniphilaceae; g__Peptoniphilus_B_226807; s__Peptoniphilus_B_226807 stercorisuis	0.9999999829339574
67ff002d23598f56170ba9ad6ed5f2fa	d__Bacteria; p__Pseudomonadota; c__Alphaproteobacteria; o__Rhizobiales_505101; f__Devosiaceae; g__Pelagibacterium	0.9992916996100343
6828fc4900b70d9c0916ba6ce590adaf	d__Bacteria; p__Bacteroidota; c__Bacteroidia; o__Sphingobacteriales; f__Sphingobacteriaceae; g__Sphingobacterium; s__Sphingobacterium phlebotomi	0.7209535105132968
682d937059fef2f8ca6666b7f5730d0e	d__Bacteria; p__Bacteroidota; c__Bacteroidia; o__Bacteroidales; f__Marinilabiliaceae; g__Breznakibacter; s__Breznakibacter xylanolyticus	0.9999997122970529
6858aa7f5ba6c4d6304ce355a09684da	d__Bacteria; p__Pseudomonadota; c__Alphaproteobacteria; o__Sphingomonadales; f__Sphingomonadaceae_486827; g__Sphingobium_A_485959	0.9922739600133708
685f11ca29c5de1f439b028a1a79615e	d__Bacteria; p__Pseudomonadota; c__Alphaproteobacteria; o__Micavibrionales; f__Micavibrionaceae	0.9999119936811842
68696b03f3c53df497cafb1a319a62f1	d__Bacteria; p__Bacillota_A_368345; c__Clostridia_258483; o__Lachnospirales; f__Cellulosilyticaceae; g__Cellulosilyticum; s__Cellulosilyticum ruminicola	0.9999995530045998
6898660b08bda1498397186a23d7c729	d__Bacteria; p__Actinomycetota; c__Actinomycetes; o__Actinomycetales; f__Cellulomonadaceae; g__Actinotalea	0.9207314868396916
68a20b04dbd5d9f40f4a3b1c94ee2f81	d__Bacteria; p__Bdellovibrionota_473306; c__Bacteriovoracia; o__Bacteriovoracales; f__Bacteriovoracaceae; g__Peredibacter; s__Peredibacter starrii	0.9995606083986609
69574ab234e1e2e304be5a54b28922e9	d__Bacteria; p__Bacillota_A_368345; c__Clostridia_258483; o__Lachnospirales; f__Lachnospiraceae	0.9890805475761336
696243d2dedb718b59eb9048cb4e9475	d__Bacteria; p__Actinomycetota; c__Thermoleophilia; o__Gaiellales; f__Gaiellaceae	0.9995778203496335
6971ec20242d4a0aa8954dbfa9fc1585	d__Bacteria; p__Bacillota_A_368345; c__Clostridia_258483; o__Lachnospirales; f__Lachnospiraceae; g__; s__	0.7001037665833119
6996730f2a16d4711707706b94cc4000	d__Bacteria; p__Bacteroidota; c__Bacteroidia; o__Sphingobacteriales; f__Sphingobacteriaceae; g__Parapedobacter; s__Parapedobacter pyrenivorans	0.8686095631023243
69a95a431d86566fd7520a966d10bb17	d__Bacteria; p__Bacillota_A_368345; c__Clostridia_258483; o__Peptostreptococcales; f__Peptostreptococcaceae_256921; g__; s__Eubacterium tenue	0.7505074213389266
6a0bbfe5241c80e0f4e91b06fe4715c7	d__Bacteria; p__Bacillota_A_368345; c__Clostridia_258483; o__Clostridiales; f__Clostridiaceae_222000; g__Clostridium_T	0.9999999673631513
6a13bbcde5c4201e9e726b4a0e701a2a	d__Bacteria; p__Pseudomonadota; c__Alphaproteobacteria; o__Sphingomonadales; f__Sphingomonadaceae_486827; g__Sphingobium_A_485959	0.999980707791374
6a24162b01e8c32dc83ac92428cb6f8a	d__Bacteria; p__Deinococcota; c__Deinococci; o__Deinococcales; f__Trueperaceae; g__; s__	0.9945545299878852
6a2afd7c89b1ce20b97b151170649ffa	d__Bacteria; p__Bacillota_I; c__Bacilli_A	0.9999579468413597
6a485669b722f729d612e8390db73c1f	d__Bacteria; p__Bacillota_A_368345; c__Clostridia_258483; o__Lachnospirales; f__Cellulosilyticaceae; g__; s__	0.9982460918364148
6a61b4046896ff1518b386a5238e4d36	d__Bacteria; p__Bacillota_C; c__Negativicutes; o__Sporomusales_C_40889; f__Sporomusaceae_40889; g__Sporomusa	0.9999999857878382
6ab3d96eb9dd3d88d4fdcbc93baaf0a1	d__Bacteria; p__Actinomycetota; c__Actinomycetes; o__Actinomycetales; f__Actinomycetaceae; g__Scrofimicrobium; s__Scrofimicrobium canadense	0.9993549785799652
6ad63ef706474807c4a85dd67f3c87d0	d__Bacteria; p__Bacillota_A_368345; c__Clostridia_258483; o__Tissierellales; f__Sporanaerobacteraceae; g__Anaerosalibacter; s__Anaerosalibacter massiliensis	0.9779352999212599
6afacf26e9602b880e03cd2c306c7a2d	d__Bacteria; p__Bacillota_A_368345; c__Clostridia_258483; o__Oscillospirales; f__Ruminococcaceae	0.9999821347590854
6b4857c17d2378b732ab1b4515ca2a93	d__Bacteria; p__Pseudomonadota; c__Gammaproteobacteria; o__Burkholderiales; f__; g__; s__	0.9950429704480697
6b5f6d51d4bc11514c5cb185f3f10aee	d__Bacteria; p__Bacillota_I; c__Bacilli_A	0.9999984751077933
6b7408151f1d0be8ef1ac56e0f2e287b	d__Bacteria; p__Bacillota_I; c__Bacilli_A; o__Bacillales_D; f__Amphibacillaceae; g__Oceanobacillus_287537	0.9769890635726086
6b7654e131a80dcafb4b5a35c0ed86c9	d__Bacteria; p__Pseudomonadota; c__Alphaproteobacteria; o__Rhodobacterales; f__Rhodobacteraceae; g__Poseidonocella_488769; s__	0.9999994590070614
6baa88893caa52634e468e145d3eb23b	d__Bacteria; p__Actinomycetota; c__Actinomycetes; o__Actinomycetales; f__Cellulomonadaceae; g__Cellulomonas_A	0.9999267264347006
6bdfba34994b0d1ebf956cb4599fee27	d__Bacteria; p__Actinomycetota; c__Actinomycetes; o__Actinomycetales; f__Microbacteriaceae; g__Leucobacter; s__Leucobacter chromiiresistens_A	0.7059533685833808
6be5b5232f165cc00cda89f257874091	d__Bacteria; p__Pseudomonadota; c__Gammaproteobacteria; o__Pseudomonadales_A_650612; f__Cellvibrionaceae; g__Pseudomaricurvus; s__Pseudomaricurvus hydrocarbonicus	0.9999905879882486
6c3402d83b35003a8406a3efd99b1a59	d__Bacteria; p__Pseudomonadota; c__Gammaproteobacteria; o__Pseudomonadales_A_650612; f__Porticoccaceae; g__SZUA-272; s__	0.9994793693517633
6c34a2b2b0fc86a8ad2fa42131f7caa1	d__Bacteria; p__Pseudomonadota; c__Alphaproteobacteria; o__Caulobacterales; f__Hyphomonadaceae; g__Hyphomonas; s__Hyphomonas polymorpha	0.9406463170969179
6c5ac69cc2fede275a0dce91332cf6dc	d__Bacteria; p__Bacteroidota; c__Bacteroidia; o__Bacteroidales	0.9996167561489687
6c6acc60dbe09020579338ba07d3c021	d__Bacteria; p__Pseudomonadota; c__Alphaproteobacteria; o__Rhodobacterales; f__Rhodobacteraceae	0.9979963314087208
6c74ae4fa0e0dfc5847b44c3545f4412	d__Bacteria; p__Pseudomonadota; c__Gammaproteobacteria; o__Pseudomonadales_A_650612; f__Porticoccaceae; g__SZUA-272; s__SZUA-272 sp003235325	0.9624577793616902
6caf0b7c3354456984046686ca3f4768	d__Bacteria; p__Bacillota_I; c__Bacilli_A; o__Bacillales_A; f__Planococcaceae; g__Ureibacillus	0.962542494994901
6cb651b8a222255b8446c14d1319c773	d__Bacteria; p__Bacillota_I; c__Bacilli_A; o__Bacillales_B_306087; f__Caldibacillaceae; g__Caldibacillus_B	0.99962035380996
6d0e12190aacc105992f71694a71ff32	d__Bacteria; p__Dependentiae; c__Babeliae; o__Babeliales; f__UBA12411; g__UBA12411; s__UBA12411 sp003511165	0.9763997251176593
6d0e3df855d3ed9177820e6429c8d680	d__Bacteria; p__Bacillota_I; c__Bacilli_A; o__Thermoactinomycetales_367745; f__Thermoactinomycetaceae_367745; g__Thermoactinomyces_A; s__Thermoactinomyces_A vulgaris	0.9980888608743417
6d2e86249e1979bf605d27e690f2b6d8	d__Bacteria; p__Bacillota_I; c__Bacilli_A; o__Paenibacillales; f__Paenibacillaceae_367444; g__Paenibacillus_J_366884; s__Paenibacillus_J_366884 ihbetae	0.8686237325695602
6d489046e59be3c67323ba7534d032e5	d__Bacteria; p__Bacteroidota; c__Bacteroidia; o__Bacteroidales; f__Dysgonomonadaceae; g__Proteiniphilum; s__	0.9863859782840375
6d59e45524751443fb12c13822f06712	d__Bacteria; p__Bacillota_A_368345; c__Clostridia_258483; o__Clostridiales; f__Clostridiaceae_222000; g__Clostridium_T; s__Clostridium_T disporicum_B	0.9913919823713845
6db180370cb7c48b31a45b05956eddd5	d__Bacteria; p__Planctomycetota; c__Planctomycetia; o__Isosphaerales; f__Isosphaeraceae; g__Aquisphaera	0.9674734577818747
6e449f4b47f29ee754c2c5868a4d2065	d__Bacteria; p__Bacillota_I; c__Bacilli_A; o__Paenibacillales; f__Paenibacillaceae_367444	0.7008255285288999
6ecefd01b465a3b5fe571bf8c4416966	d__Bacteria; p__Bacteroidota; c__Bacteroidia; o__Bacteroidales; f__Bacteroidaceae; g__Bacteroides_H_857956; s__Bacteroides_H_857956 cellulosilyticus	0.9999433289364068
6f3840f8557d10201304784ecc28c25d	d__Bacteria; p__Bacillota_I; c__Bacilli_A; o__Erysipelotrichales; f__Erysipelotrichaceae; g__Anaerorhabdus; s__Anaerorhabdus furcosa	0.8908962239827181
6f39f50d6e945b0709f2b9e67f3c6c04	d__Bacteria; p__Bacteroidota; c__Bacteroidia; o__Sphingobacteriales; f__Sphingobacteriaceae; g__; s__	0.7449132218541663
6f3b6bf5194fb3f0dafc013e2f09f16e	d__Bacteria; p__Bacillota_I; c__Bacilli_A; o__Acholeplasmatales; f__Acholeplasmataceae	0.9923063056823512
6f52114301d2f8159e5ac714d181c5b1	d__Bacteria; p__Bacteroidota; c__Bacteroidia; o__Bacteroidales; f__Tannerellaceae; g__Massilibacteroides; s__Massilibacteroides vaginae	0.9999623827539373
6f5a9d35b4d0e0ce4dc3b136e2f2cf09	d__Bacteria; p__Pseudomonadota; c__Gammaproteobacteria; o__Enterobacterales_737866; f__Alteromonadaceae; g__Rheinheimera_662845; s__Rheinheimera aquimaris	0.8472601416025103
6f926675ad7175c3518436ebd444b43d	d__Bacteria; p__Chloroflexota; c__Chloroflexia; o__Thermomicrobiales; f__; g__; s__	0.9999968808663242
6fad1f33f5ecb0eb16eabcfa4f436351	d__Bacteria; p__Pseudomonadota; c__Alphaproteobacteria; o__Rhizobiales_505101; f__Rhizobiaceae	0.9999982448292444
6fb6a2e42d8e140ca68f256303ef1e0b	d__Bacteria; p__Bacillota_A_368345; c__Clostridia_258483; o__Lachnospirales; f__Cellulosilyticaceae; g__Cellulosilyticum; s__Cellulosilyticum ruminicola	0.9999649885707672
6fd9843eb698930e30818d77d505ed5c	d__Bacteria; p__Actinomycetota; c__Actinomycetes; o__Actinomycetales; f__Bifidobacteriaceae; g__Bifidobacterium_388775; s__Bifidobacterium animalis	0.9136217594597074
6fef69a6eaa78c947bcdaaa966ede1f9	d__Bacteria; p__Pseudomonadota; c__Gammaproteobacteria; o__Enterobacterales_737866; f__Shewanellaceae; g__Shewanella; s__Shewanella corallii	0.9846989212938732
6ff8b7333913f764287ee3736d3f01de	d__Bacteria; p__Pseudomonadota; c__Alphaproteobacteria; o__Rhizobiales_505101; f__Devosiaceae; g__Devosia_A_502124; s__	0.9227265349734075
703cad2e32247e19d8cac51d13bf1426	d__Bacteria; p__Pseudomonadota; c__Alphaproteobacteria; o__Caulobacterales; f__Hyphomonadaceae; g__Hyphomonas	0.9994756508914665
7093da5b8ae43045805fe0c8fa8511f8	d__Bacteria; p__Actinomycetota; c__Actinomycetes; o__Actinomycetales; f__Brevibacteriaceae; g__Brevibacterium; s__Brevibacterium samyangense	0.8072146553015955
709d6245c800ab9897e5460e2acd782a	d__Bacteria; p__Pseudomonadota; c__Gammaproteobacteria; o__Cardiobacteriales; f__Wohlfahrtiimonadaceae; g__Wohlfahrtiimonas; s__Wohlfahrtiimonas populi	0.9476190662417281
70b2e7c7f1d45f604db7b156bf61bd29	d__Bacteria; p__Bacteroidota; c__Bacteroidia; o__Bacteroidales; f__Dysgonomonadaceae; g__Dysgonomonas; s__Dysgonomonas sp001261735	0.9989754036095848
70c8ba66d55c5b077f1d54bbf3f1571e	d__Bacteria; p__Bacillota_I; c__Bacilli_A; o__Acholeplasmatales; f__Acholeplasmataceae	0.9988167407032353
71137f623201b2a1cfd9d742745fb8ee	d__Bacteria; p__Chloroflexota; c__Limnocylindria; o__QHBO01; f__QHBO01; g__CF-167; s__CF-167 sp005879775	0.9999987335282787
7206b07d3833c51a0f88c516bc29ba3e	d__Bacteria; p__Bacillota_A_368345; c__Clostridia_258483; o__Peptostreptococcales; f__Natronincolaceae; g__Alkaliphilus_C	0.7247604216541352
7236efab2e25188b460c30ada234a95c	d__Bacteria; p__Actinomycetota; c__Actinomycetes; o__Mycobacteriales; f__Mycobacteriaceae; g__Corynebacterium	0.9999999947961655
72b60e071e961c855ff7f78454a548cc	d__Bacteria; p__Bacteroidota; c__Bacteroidia; o__Sphingobacteriales; f__Sphingobacteriaceae; g__Sphingobacterium; s__Sphingobacterium phlebotomi	0.8792129019919485
7302a81d92ec01de41b8ef3af6e21352	d__Bacteria; p__Actinomycetota; c__Actinomycetes; o__Actinomycetales; f__Microbacteriaceae; g__Pseudoclavibacter_A; s__Pseudoclavibacter_A soli	0.9976231552648459
730a12eb5ed94ee11f17da2491b32b6a	d__Bacteria; p__Actinomycetota; c__Actinomycetes; o__Actinomycetales; f__Microbacteriaceae	0.8837004952804637
736200711dbec17749cb0e19f6643ede	d__Bacteria; p__Bacillota_I; c__Bacilli_A; o__Lactobacillales; f__Lactobacillaceae; g__Levilactobacillus	0.9962887180245724
7365abafbbfe33b6993bba5350862244	d__Bacteria; p__Pseudomonadota; c__Gammaproteobacteria; o__Burkholderiales	0.9999999969111532
736be834269b975251e837b7d3048954	d__Bacteria; p__Actinomycetota; c__Actinomycetes; o__Actinomycetales; f__Cellulomonadaceae; g__Populibacterium; s__Populibacterium corticicola	0.9899714537902952
737f45e67ec18e58eed2b22366203f46	d__Bacteria; p__Bacillota_A_368345; c__Clostridia_258483; o__Clostridiales; f__Clostridiaceae_222000; g__Clostridium_AU; s__Clostridium_AU sp900095445	0.721240291552007
739e654daa8e8479df75534af169a0fb	d__Bacteria; p__Pseudomonadota; c__Gammaproteobacteria; o__Pseudomonadales_A_650612; f__Cellvibrionaceae; g__Gilvimarinus	0.8872800806824304
73afe3d9b08668b75a15388339a729cd	d__Bacteria; p__Bacteroidota; c__Bacteroidia; o__Sphingobacteriales; f__Sphingobacteriaceae; g__Sphingobacterium	0.9993847088881336
73bc1eff8b289cb2ac2950eeb7468442	d__Bacteria; p__Pseudomonadota; c__Gammaproteobacteria; o__Pseudomonadales_A_650611; f__Pseudomonadaceae	0.9999993504995015
73bf8d1a5983e34a0cb84e3cae127815	d__Bacteria; p__Bacillota_I; c__Bacilli_A; o__Lactobacillales; f__Streptococcaceae; g__Streptococcus	0.9999999999975283
73cecd6af2ec76a5bbaa5a041430e8be	d__Bacteria; p__Myxococcota_A_473307; c__Bradymonadia; o__Bradymonadales; f__Bradymonadaceae; g__Microvenator; s__Microvenator marinus	0.944069332938921
7407608da3cc39dd6edf8179414bb336	d__Bacteria; p__Bacteroidota; c__Bacteroidia; o__Flavobacteriales_B_877923; f__Crocinitomicaceae; g__Taishania; s__Taishania pollutisoli	0.9999999997423857
7414be4154f7847991cbe066522d7978	d__Bacteria; p__Bacillota_I; c__Bacilli_A; o__Bacillales_A; f__Planococcaceae; g__Ureibacillus; s__Ureibacillus thermosphaericus	0.9753005289861085
741f1be526940e783d53faf003c3672a	d__Bacteria; p__Pseudomonadota; c__Gammaproteobacteria; o__Pseudomonadales_A_650611; f__Pseudomonadaceae; g__Halopseudomonas_650606	0.9999209884201167
743efbfcfc03b7be9097845465f6eb81	d__Bacteria; p__Bacillota_I; c__Bacilli_A; o__Bacillales_A; f__Planococcaceae	0.9901285477472207
744658e481cb9da9c170328a0aeea9cd	d__Bacteria; p__Deinococcota; c__Deinococci; o__Deinococcales; f__Trueperaceae	0.9999988638991075
7446a20c8ec6f8c5ef0e3a9e1020c437	d__Bacteria; p__Bacillota_I; c__Bacilli_A; o__Bacillales_A; f__Planococcaceae; g__Savagea; s__Savagea sp009740415	0.9999691695473563
747853af0e8584d917df2624a7a1a231	d__Bacteria; p__Bacillota_A_368345; c__Clostridia_258483; o__Peptostreptococcales; f__Natronincolaceae; g__Alkaliphilus_B; s__Alkaliphilus_B halophilus	0.8811338492581885
7481a26da86d6f2c22d76bce1f979056	d__Bacteria; p__Bacillota_I; c__Bacilli_A	0.9999657690154624
74f526907115df8d71f5e81eb1fcad3c	d__Bacteria; p__Pseudomonadota; c__Alphaproteobacteria; o__Sphingomonadales; f__Sphingomonadaceae_486827	0.9999918085868853
751560bde786b0eb04b17927a2b41994	d__Bacteria; p__Chloroflexota; c__Chloroflexia; o__Thermomicrobiales; f__; g__; s__	0.9999999309884682
754027c63f86df25fc7ff6b0704978bb	d__Bacteria; p__Bacillota_I; c__Bacilli_A; o__Paenibacillales; f__NBRC-103111; g__Paenibacillus_G_363728	0.9998683749242054
7543a2aff08b331f4e3a28560a6a0be3	d__Bacteria; p__Pseudomonadota; c__Alphaproteobacteria; o__Rhizobiales_505101; f__Rhizobiaceae; g__Mesorhizobium_I; s__Mesorhizobium_I terrae	0.9570319977941649
7570a73ee646f66201f9e2fca5eefddc	d__Bacteria; p__Bdellovibrionota_473306; c__Bacteriovoracia; o__Bacteriovoracales; f__Bacteriovoracaceae; g__Peredibacter; s__Peredibacter starrii	0.9997411909786277
75aa1115919dcbcb26353f003905ca50	d__Bacteria; p__Pseudomonadota; c__Alphaproteobacteria; o__Rhizobiales_505101; f__Rhizobiaceae	0.9993839053153725
75ab6e2bf81c9bdc826128ec90694035	d__Bacteria; p__Bacillota_I; c__Bacilli_A; o__Bacillales_H_361473; f__Bacillaceae_D_361233; g__Shouchella	0.9998356588727817
75b2c22d5e63dbc0ed2520b4b98a42a2	d__Bacteria; p__Bacteroidota; c__Bacteroidia; o__Sphingobacteriales; f__Sphingobacteriaceae; g__Sphingobacterium	0.9994390852020477
760b1e7df3fb57414d0d9d451f154b88	d__Bacteria; p__Pseudomonadota; c__Alphaproteobacteria; o__Sphingomonadales; f__Sphingomonadaceae_486827; g__Sphingopyxis_485592	0.8958106922328126
763b8e619996f3062d095a14e8087225	d__Bacteria; p__Actinomycetota; c__Actinomycetes; o__Mycobacteriales; f__Pseudonocardiaceae; g__Pseudonocardia	0.998308042722993
7687a6546b9f6dc2a205aef2b4899e34	d__Bacteria; p__Actinomycetota; c__Actinomycetes; o__Actinomycetales; f__Cellulomonadaceae; g__Flavimobilis_389003; s__	0.9683280362094117
76a9e61f610a0976b04700559669c125	d__Bacteria; p__Pseudomonadota; c__Alphaproteobacteria; o__Rhizobiales_505101; f__Hyphomicrobiaceae; g__; s__	0.9563248539766378
76f218da52fc9578de6d2c832a6c5b8e	d__Bacteria; p__Actinomycetota; c__Actinomycetes; o__Propionibacteriales; f__Nocardioidaceae; g__Nocardioides_A_392796	0.9999987000558993
771b212debe837fcec324f31388909e8	d__Bacteria; p__Chloroflexota; c__Chloroflexia; o__Thermomicrobiales; f__; g__; s__	0.9999999917878172
773c3d8896d3d886a4ae3fb7a2c85ae4	d__Bacteria; p__Actinomycetota; c__Actinomycetes; o__Mycobacteriales; f__Micromonosporaceae; g__Micromonospora_H_372070	0.9523075690563602
774b4f27b8fd4219164938f237efbe46	d__Bacteria; p__Bacillota_I; c__Bacilli_A; o__Thermoactinomycetales_367867; f__Novibacillaceae; g__Novibacillus; s__Novibacillus thermophilus	0.8688309986795824
77726844a59c8eb585ca8a77fa636d49	d__Bacteria; p__Bacillota_A_368345; c__Clostridia_258483; o__Lachnospirales; f__Lachnospiraceae; g__Mobilisporobacter; s__Mobilisporobacter senegalensis	0.774240438243926
77790feb09f22d564c4cf39e6381c66d	d__Bacteria; p__Bacillota_A_368345; c__Clostridia_258483; o__Lachnospirales; f__Lachnospiraceae	0.999996306266777
77a35707421ca1917261568de036906a	d__Bacteria; p__Verrucomicrobiota; c__Verrucomicrobiae; o__Chthoniobacterales; f__Chthoniobacteraceae; g__; s__	0.9990973750433992
78056058faedd75d706633c5f55a975f	d__Bacteria; p__Pseudomonadota; c__Gammaproteobacteria; o__Enterobacterales_737866; f__Enterobacteriaceae_A_732334; g__Morganella	0.999995108652069
780dd04e9c72913f7bf5f08279e6c642	d__Bacteria; p__Actinomycetota; c__Actinomycetes; o__Streptosporangiales; f__Streptosporangiaceae; g__Nocardiopsis_D	0.9934604526756111
7836969a19dead9094a07eb802491080	d__Bacteria; p__Actinomycetota; c__Actinomycetes; o__Mycobacteriales; f__Antricoccaceae	0.999999902726803
785fc962e0a0fb2df78b8e68a1249b2b	d__Bacteria; p__Pseudomonadota; c__Gammaproteobacteria; o__Pseudomonadales_A_650612; f__Cellvibrionaceae; g__Cellvibrio; s__Cellvibrio japonicus	0.7472852196044848
786d8725e1cdd9dc23c388f71370fd06	d__Bacteria; p__Pseudomonadota; c__Alphaproteobacteria; o__Rhizobiales_505101; f__Rhizobiaceae	0.9993774502712864
788eb5073488271d772dd0fce19a610e	d__Bacteria; p__Bacillota_I; c__Bacilli_A; o__Thermoactinomycetales_367866; f__DSM-45169_367838; g__Kroppenstedtia_A; s__Kroppenstedtia_A eburnea	0.9965848234668366
789b344d2de68bdc141d147758067c84	d__Bacteria; p__Bacteroidota; c__Bacteroidia; o__Sphingobacteriales; f__Sphingobacteriaceae; g__Parapedobacter; s__Parapedobacter pyrenivorans	0.8602513615556161
78c62b1b741a48a2064359f65c69df00	d__Bacteria; p__Actinomycetota; c__Actinomycetes; o__Mycobacteriales; f__Mycobacteriaceae; g__Gordonia_B_376796	0.9976211496999381
78ff2073e9d81f0e8a44bda8f2f6b458	d__Bacteria; p__Bacteroidota; c__Bacteroidia; o__Chitinophagales; f__Chitinophagaceae	0.9141387583155252
79058b375acfcd5c56d18402b77112df	d__Bacteria; p__Bacillota_I; c__Bacilli_A; o__Bacillales_D; f__Amphibacillaceae; g__Terribacillus; s__Terribacillus halophilus	0.8575546109644774
7930918e5d6c46d3ff3b9fc0349c205b	d__Bacteria; p__Bacillota_A_368345; c__Clostridia_258483; o__Lachnospirales; f__Cellulosilyticaceae; g__Cellulosilyticum; s__Cellulosilyticum ruminicola	0.9999999999507027
7956001dcf85952283f2937e9b2203ba	d__Bacteria; p__Fusobacteriota; c__Fusobacteriia; o__Fusobacteriales; f__Fusobacteriaceae; g__Fusobacterium_A; s__Fusobacterium_A ulcerans	0.9066238424518066
7963b32dbeb8f57bb92d77c806e43946	d__Bacteria; p__Bacillota_I; c__Bacilli_A	0.9997754987159883
797fb2e9886540947ea6fdee30851c17	d__Bacteria; p__Bacillota_I; c__Bacilli_A; o__Paenibacillales; f__Paenibacillaceae_367444; g__Paenibacillus_J_366884; s__	0.9983278577776397
79a0da98bdad02d238b49096a15b0199	d__Bacteria; p__Pseudomonadota; c__Gammaproteobacteria; o__Pseudomonadales_A_650611; f__Pseudomonadaceae; g__Thiopseudomonas; s__Thiopseudomonas denitrificans	0.999998714692909
79e8a4bec359dd79934e17b9092fe0d7	d__Bacteria; p__Bacillota_A_368345; c__Clostridia_258483; o__Lachnospirales; f__Lachnospiraceae; g__Agathobacter_164119; s__Agathobacter ruminis	0.7717559264086918
7a0c5e736b5712bb6352b8bbf1fb740c	d__Bacteria; p__Pseudomonadota; c__Gammaproteobacteria; o__Pseudomonadales_A_650612; f__Cellvibrionaceae; g__Eionea; s__	0.8518111265732181
7a2215faa1b5375517af00aaf92c1077	d__Bacteria; p__Bacteroidota; c__Bacteroidia; o__Bacteroidales; f__Marinilabiliaceae; g__Geofilum_869828; s__Geofilum rhodophaeum	0.9999998345739551
7a25e80dcbd14d7fb5559bf2c075d3b3	d__Bacteria; p__Bacillota_I; c__Bacilli_A; o__RFN20; f__CAG-826; g__UBA1361; s__	0.9327113863431589
7a42674d2868f090594900cfb45a0884	d__Bacteria; p__Bacillota_A_368345; c__Clostridia_258483; o__Lachnospirales; f__Lachnospiraceae	0.9999962907447882
7a45ddd34f100a091ce22b8d42a71170	d__Bacteria; p__Actinomycetota; c__Actinomycetes; o__Actinomycetales; f__Demequinaceae; g__Demequina	0.8919144372639535
7a5a215f634b3300c2d73bd63122ddf5	d__Bacteria; p__Pseudomonadota; c__Gammaproteobacteria; o__Pseudomonadales_A_650612; f__Cellvibrionaceae; g__Cellvibrio; s__	0.8123086685790416
7a858c0c52ff2ea8d5c13f223386d918	d__Bacteria; p__Bacteroidota; c__Bacteroidia; o__Sphingobacteriales; f__Sphingobacteriaceae; g__Sphingobacterium; s__Sphingobacterium jejuense	0.987634125802638
7ab08b50015d42a2f0f53e6e7f034e5a	d__Bacteria; p__Bacillota_A_368345; c__Clostridia_258483; o__Lachnospirales; f__Lachnospiraceae; g__G11; s__G11 sp900103495	0.7095684035956615
7abba3b7a4cc7dc8c0e59f6ea3eda203	d__Bacteria; p__Pseudomonadota; c__Gammaproteobacteria; o__Pseudomonadales_A_650611; f__Pseudomonadaceae; g__Pseudomonas_E_648040; s__Pseudomonas_E_648040 sp001446935	0.705583628528701
7ace1137e09b15f230d71921578149c8	d__Bacteria; p__Bacillota_I; c__Bacilli_A; o__Bacillales_B_306087; f__DSM-18226_301387; g__Cytobacillus_298193; s__Cytobacillus kochii	0.8518414049350391
7ad30dd4fbce0bae5e03b0f577bfee4c	d__Bacteria; p__Bacteroidota; c__Bacteroidia; o__Bacteroidales; f__Dysgonomonadaceae; g__Dysgonomonas; s__	0.9894165875815903
7aff8c67b94ec7fc2e33c5adbf5b1b84	d__Bacteria; p__Actinomycetota; c__Thermoleophilia; o__Solirubrobacterales; f__Solirubrobacteraceae; g__Solirubrobacter	0.9999305440681663
7b0126b8e96327e866469a108cf76324	d__Bacteria; p__Bacillota_I; c__Bacilli_A; o__Bacillales_D; f__Amphibacillaceae	0.7173493971048006
7b21a600285fc2e4a5dd30f638c14d40	d__Bacteria; p__Actinomycetota; c__Actinomycetes; o__Actinomycetales; f__Microbacteriaceae	0.9691601539545891
7b3055d82ad55d99e7357d64a1ebfcea	d__Bacteria; p__Bacillota_A_368345; c__Clostridia_258483; o__Lachnospirales; f__Lachnospiraceae	0.9979800663325519
7b922bd11ea3f2de8a1d01bc0314871f	d__Bacteria; p__Pseudomonadota; c__Gammaproteobacteria; o__Burkholderiales; f__Neisseriaceae; g__Neisseria_563205	0.9999565329544996
7bb20f4c619048d6b453477af99d9ddc	d__Bacteria; p__Actinomycetota; c__Actinomycetes; o__Actinomycetales; f__Microbacteriaceae	0.9241751367798243
7bba3f07377fde6f5aeed6034eba1fe8	d__Bacteria; p__Bacillota_I; c__Bacilli_A; o__Paenibacillales; f__Paenibacillaceae_367444; g__Paenibacillus_A; s__	0.7524158338111008
7c0f714d84dd84000158d79ebb5447cc	d__Bacteria; p__Pseudomonadota; c__Alphaproteobacteria; o__ATCC43930_507253; f__Stellaceae_507253; g__Constrictibacter; s__Constrictibacter antarcticus	0.999667238798134
7c2d5442813d66e93662fe0cc4131b9c	d__Bacteria; p__Acidobacteriota; c__Vicinamibacteria; o__Vicinamibacterales; f__; g__; s__	0.980057594470202
7c48d1ef0dcedc7b4c0d64bbdf6c7bed	d__Bacteria; p__Bacillota_A_368345; c__Clostridia_258483; o__Lachnospirales; f__Lachnospiraceae; g__Lachnoclostridium_A_184689; s__Lachnoclostridium_A_184689 sp900078195	0.9976127582715667
7dd2773c9c3f0b00bd848787196a6d6a	d__Bacteria; p__Bacillota_I; c__Bacilli_A; o__Paenibacillales; f__YIM-B00363; g__Paenibacillus_AE; s__Paenibacillus_AE antri	0.9968087459229116
7dda6c028541032efbeaacc11e234ff9	d__Bacteria; p__Actinomycetota; c__Actinomycetes; o__Mycobacteriales; f__Mycobacteriaceae; g__Gordonia_B_376796	0.9999722371655229
7de8632ca5ba56c1a926a284959dbba2	d__Bacteria; p__Bacillota_I; c__Bacilli_A; o__Bacillales_D; f__Amphibacillaceae; g__Gracilibacillus; s__Gracilibacillus dipsosauri	0.932692977945415
7dfb2d63dbcd978375bc1bd1a23b25e0	d__Bacteria; p__Bacillota_A_368345; c__Clostridia_258483; o__Clostridiales; f__Clostridiaceae_222000; g__Clostridium_T	0.9999835294526495
7dfdee18c3d950afe7e07edd427624aa	d__Bacteria; p__Bacillota_I; c__Bacilli_A; o__Bacillales_D; f__Amphibacillaceae	0.9759781205561475
7e07dd26c5fe4d9690c7e7c6bd5e9d44	d__Bacteria; p__Bacillota_A_368345; c__Clostridia_258483; o__Christensenellales; f__Aristaeellaceae; g__SFMI01; s__	0.8980442425378599
7e0a6acc8ea44b011b2be65c99102d9d	d__Bacteria; p__Bacillota_I; c__Bacilli_A; o__Paenibacillales; f__Paenibacillaceae_367444	0.9482688241154547
7e6440aec647f82076abdb0848815df0	d__Bacteria; p__Bacteroidota; c__Bacteroidia; o__Bacteroidales; f__Dysgonomonadaceae; g__Dysgonomonas; s__	0.9998921328156627
7e71c85c649101d11ad8b09f392fac24	d__Bacteria; p__Bacillota_A_368345; c__Clostridia_258483; o__Lachnospirales; f__Lachnospiraceae; g__Lacrimispora	0.9993679052300359
7e89f0acb14711f4b506de5b2676441d	d__Bacteria; p__Actinomycetota; c__Actinomycetes; o__Actinomycetales; f__Microbacteriaceae; g__Leucobacter	0.9512127469566176
7ea68727c4e0241bdd33c1ec09ef87bb	d__Bacteria; p__Pseudomonadota; c__Alphaproteobacteria; o__Sphingomonadales; f__Sphingomonadaceae_486827; g__Sphingobium_A_485959; s__Sphingobium_A_485959 limneticum	0.8175833176424859
7ec1d760f94b4239e59c5091d8e08951	d__Bacteria; p__Bacillota_A_368345; c__Clostridia_258483; o__Tissierellales	0.9991490108780361
7f1166e540945d702ef3021bea36765d	d__Bacteria; p__Bacillota_I; c__Bacilli_A; o__Bacillales_B_306087; f__Bacillaceae_C_302577	0.9938177916140654
7f27f3bd0e181d17b7bd0baff1a7f092	d__Bacteria; p__Bacteroidota; c__Bacteroidia; o__Sphingobacteriales; f__Sphingobacteriaceae; g__; s__	0.801781559245603
7f2b1893d5b0765dc877ed6aba57378e	d__Bacteria; p__Bacillota_I; c__Bacilli_A; o__Bacillales_B_306089; f__Bacillaceae_H_294103; g__Metabacillus_B_289979	0.8932329644876887
7f395448ab0fe4f83acdd15b66336205	d__Bacteria; p__Verrucomicrobiota; c__Verrucomicrobiae; o__Opitutales; f__Cerasicoccaceae; g__Cerasicoccus; s__Cerasicoccus arenae	0.9563840760207323
7f5b9b3dd077ea46a3c3b5925fe353f2	d__Bacteria; p__Pseudomonadota; c__Gammaproteobacteria; o__Pseudomonadales_A_650612; f__Halieaceae; g__CABYJX01; s__CABYJX01 sp902519405	0.7319122091612578
7f5cff6bbf80cd146682237b0130659d	d__Bacteria; p__Pseudomonadota; c__Alphaproteobacteria; o__Rhodobacterales; f__Rhodobacteraceae	0.9999840708306114
7f93469202bdb33d449a3625de9ae806	d__Bacteria; p__Pseudomonadota; c__Gammaproteobacteria; o__Pseudomonadales_A_650611; f__Pseudomonadaceae; g__Halopseudomonas_650606; s__Halopseudomonas salegens	0.9999406853693167
7fb0779614e829be3177c1d688c6362f	d__Archaea; p__Methanobacteriota_A_1229; c__Methanobacteria; o__Methanobacteriales; f__Methanobacteriaceae; g__Methanobrevibacter_B_1148	0.9999981974567305
7fc68dbacb4cd37ac456fa5ac88e000f	d__Bacteria; p__Bacillota_I; c__Bacilli_A; o__Lactobacillales; f__Lactobacillaceae	0.9951433197282413
7fd52c5f1a398e8382b50f1de062d662	d__Bacteria; p__Actinomycetota; c__Actinomycetes; o__Actinomycetales; f__Actinomycetaceae; g__Oceanitalea_386196	0.9994982227160367
7fde141e18fe548065accfc668673823	d__Bacteria; p__Bacillota_I; c__Bacilli_A; o__Brevibacillales; f__Brevibacillaceae; g__Brevibacillus_D_362672	0.9998424856549973
7fe6237b9839dd4cdc6e2e7a76d1b3a9	d__Bacteria; p__Bacillota_I; c__Bacilli_A; o__Lactobacillales; f__Aerococcaceae; g__Globicatella	0.9999578025483602
8003e490ab6ba7a69208c06ee9399d3a	d__Bacteria; p__Bacillota_A_368345; c__Clostridia_258483; o__Lachnospirales; f__Lachnospiraceae; g__Anaerosporobacter; s__Anaerosporobacter sp018372435	0.7793464491814583
80187ad3e409be9ec9907d2fdcb347b4	d__Bacteria; p__Pseudomonadota; c__Alphaproteobacteria; o__Rhizobiales_505101; f__Rhizobiaceae; g__Falsochrobactrum; s__Falsochrobactrum ovis	0.9431768853202588
805ac2fae16b10a5ce102105e64c10b2	d__Bacteria; p__Bacillota_I; c__Bacilli_A; o__Bacillales_H_361473	0.9090108830578335
805e633f669e5e954d57037440aa8f67	d__Bacteria; p__Actinomycetota; c__Actinomycetes; o__Actinomycetales; f__Micrococcaceae	0.9999999976141523
80616150372280dcdd707380d7b23e93	d__Bacteria; p__Bacillota_I; c__Bacilli_A; o__Acholeplasmatales; f__Acholeplasmataceae; g__Acholeplasma_284669; s__	0.9999997990312355
808a916b633ebeb52b20d37e50bb71cc	d__Bacteria; p__Bacillota_A_368345; c__Clostridia_258483; o__Lachnospirales; f__Cellulosilyticaceae; g__Cellulosilyticum; s__Cellulosilyticum ruminicola	0.9998922905320002
80a782f6b0f1fbb4ec471d4676c14b3f	d__Bacteria; p__Pseudomonadota; c__Alphaproteobacteria; o__Rhizobiales_505101; f__Rhizobiaceae; g__Brucella_498865; s__Brucella ciceri	0.792070231108716
80bf7f9307083f84041499f4bb8a8ebc	d__Bacteria; p__Bacteroidota; c__Bacteroidia; o__Bacteroidales; f__Dysgonomonadaceae; g__Dysgonomonas; s__Dysgonomonas sp000711235	0.7979766834484191
80c66e533c6777c13926c8f991f9f2e1	d__Bacteria; p__Bacteroidota; c__Bacteroidia; o__Bacteroidales; f__Rikenellaceae	0.7821199686693254
80ca24142095932c7b76c12cde0291dd	d__Bacteria; p__Bacillota_A_368345; c__Clostridia_258483; o__Clostridiales; f__Clostridiaceae_222000; g__Hathewaya; s__Hathewaya limosa	0.9999649457036484
8102f3d436e386320edb11966d8f9443	d__Bacteria; p__Pseudomonadota; c__Gammaproteobacteria; o__Pseudomonadales_A_641030; f__Halomonadaceae_641030	0.9999999956783421
81269d204ff8354f2ac8345f6c14fe1c	d__Bacteria; p__Pseudomonadota; c__Gammaproteobacteria; o__Xanthomonadales; f__Xanthomonadaceae; g__Lysobacter_C; s__Lysobacter_C defluvii	0.998919324934207
81498438a4a99ab2ba5e04ffba72748e	d__Bacteria; p__Bacillota_I; c__Bacilli_A; o__Lactobacillales; f__Streptococcaceae; g__Lactococcus_A_343473	0.999990595399779
815543b94f1cca3bc676bf1a54366608	d__Bacteria; p__Actinomycetota; c__Thermoleophilia; o__Gaiellales; f__Gaiellaceae; g__GMQP-bins7; s__GMQP-bins7 sp004366385	0.7863033806905698
815cdbb0fee11dfaa17e67c678034c2e	d__Bacteria; p__Bacillota_I; c__Bacilli_A; o__Erysipelotrichales; f__Erysipelotrichaceae; g__Erysipelothrix; s__Erysipelothrix larvae	0.9974408071090243
817af6dfc071596dd96bfc3a6c6e2834	d__Bacteria; p__Pseudomonadota; c__Gammaproteobacteria; o__Enterobacterales_737866; f__Alteromonadaceae; g__Pseudidiomarina	0.9999830856622284
81d4382cbe073ea67089ca8f951d627f	d__Bacteria; p__Pseudomonadota; c__Alphaproteobacteria; o__Rhizobiales_505101; f__Devosiaceae; g__Pelagibacterium	0.9992382839438094
81f908a06d3db39fa1fc1c6c10e34684	d__Bacteria; p__Bacillota_I; c__Bacilli_A; o__Bacillales_B_306087; f__DSM-18226_301387	0.7109477543765855
82090d5d9d28374dfca9d7961573df87	d__Bacteria; p__Pseudomonadota; c__Gammaproteobacteria; o__Pseudomonadales_A_650612; f__Cellvibrionaceae; g__Cellvibrio; s__Cellvibrio japonicus	0.9999998137797125
823d9e017ade0502b5eb23e770e1dccc	d__Bacteria; p__Verrucomicrobiota; c__Verrucomicrobiae; o__Chthoniobacterales; f__Terrimicrobiaceae; g__Terrimicrobium; s__Terrimicrobium sacchariphilum	0.999997903489993
82421e6f080ee974ca9ede6d0221d2e7	d__Bacteria; p__Bacillota_I; c__Bacilli_A; o__Bacillales_B_306087; f__Domibacillaceae; g__Pseudobacillus	0.9711040544686843
82595768ab5e2e4150162ed4f0d9885a	d__Bacteria; p__Bacillota_I; c__Bacilli_A; o__Bacillales_B_306089; f__Bacillaceae_H_294103; g__Bacillus_P_294101	0.9985670797655022
825c8e4496c3e13480be1dce595b84a0	d__Bacteria; p__Pseudomonadota; c__Gammaproteobacteria; o__Xanthomonadales; f__Xanthomonadaceae	0.9999999957502558
82e68238647df1e1523e53ffc75e8b04	d__Bacteria; p__Acidobacteriota; c__Blastocatellia; o__UBA7656; f__UBA7656; g__QHVH01; s__QHVH01 sp003222245	0.9999974655886632
8306e187ee908f2e2e64ba61619dd05b	d__Bacteria; p__Actinomycetota; c__Thermoleophilia; o__Solirubrobacterales; f__Solirubrobacteraceae; g__Patulibacter; s__Patulibacter minatonensis	0.8970190137179621
838d45c7cd25bfc838861fcdbba4db44	d__Bacteria; p__Chloroflexota; c__Chloroflexia; o__Thermomicrobiales; f__; g__; s__	0.9999999389936837
83a2cb315ce2e10c162732ed9c151947	d__Bacteria; p__Pseudomonadota; c__Gammaproteobacteria; o__Enterobacterales_737866; f__Enterobacteriaceae_A_725029	0.9385085773339096
83bf4aa700ed035750c29b269c2dae72	d__Bacteria; p__Chloroflexota; c__Chloroflexia; o__Thermomicrobiales; f__; g__; s__	0.9999999999878071
83e1267ca5be10a3e4c142cf2dfc9684	d__Bacteria; p__Actinomycetota; c__Actinomycetes; o__Actinomycetales; f__Microbacteriaceae; g__Leucobacter	0.9564727493820618
83f194663ba70b35837a8b13aefd785b	d__Bacteria; p__Bacillota_I; c__Bacilli_A; o__Paenibacillales; f__YIM-B00363; g__Paenibacillus_AE; s__Paenibacillus_AE antri	0.9359173360402926
840ad1f46663dd0d8a6ebd3cd97ffecd	d__Bacteria; p__Bacillota_I; c__Bacilli_A; o__Paenibacillales; f__Paenibacillaceae_367474; g__Ammoniibacillus; s__Ammoniibacillus agariperforans	0.9999997881787349
841899e2808702c10b66d211ce41f03d	d__Bacteria; p__Bacillota_I; c__Bacilli_A	0.9999969540383843
8418bfe079fe7ef94f7f7e8db37e07ca	d__Bacteria; p__Pseudomonadota; c__Alphaproteobacteria; o__Rhizobiales_505101; f__Rhizobiaceae	0.9999999498876498
84739a30798ceb9d9290e4412e67eb24	d__Bacteria; p__Actinomycetota; c__Actinomycetes; o__Actinomycetales; f__Cellulomonadaceae; g__Cellulosimicrobium	0.9902618675139511
84791536debbe74b2d87b9dc3659fbf9	d__Bacteria; p__Actinomycetota; c__Acidimicrobiia_401430; o__Acidimicrobiales	0.999998565708254
84da84e07b1315d4115a586e1c1a7a03	d__Bacteria; p__Bacillota_I; c__Bacilli_A; o__Acholeplasmatales; f__Acholeplasmataceae	0.9920989283050254
84ec1399e8ee3618cc0686f28b89dbcb	d__Bacteria; p__Pseudomonadota; c__Gammaproteobacteria; o__Enterobacterales_737866; f__Enterobacteriaceae_A_680892; g__Pantoea_680069	0.8024123407604492
84ec1646f1284929f473dcd5182ba3a5	d__Bacteria; p__Pseudomonadota; c__Alphaproteobacteria; o__Rhizobiales_505101; f__Rhizobiaceae	0.9999999475075035
84f66aaeec9f2abddf154da3bf474f43	d__Bacteria; p__Bacillota_I; c__Bacilli_A; o__Bacillales_H_361473; f__Bacillaceae_D_361233; g__Shouchella	0.9988966616084477
851980c576eb68148d1d9b856f28a207	d__Bacteria; p__Pseudomonadota; c__Alphaproteobacteria; o__Rhizobiales_505101; f__Xanthobacteraceae	0.9956333695354895
8524d0e511c7872c4f2daa3cf24d50df	d__Bacteria; p__Bdellovibrionota_473306; c__Bacteriovoracia; o__Bacteriovoracales; f__Bacteriovoracaceae	0.9999999999994834
8566124f912fab3f06e797564f27f0be	d__Bacteria; p__Bacteroidota; c__Bacteroidia; o__Sphingobacteriales; f__Sphingobacteriaceae; g__Sphingobacterium; s__Sphingobacterium alimentarium	0.8803052315782035
85e3c296597f4391902af7ba4ee39ce3	d__Bacteria; p__Bacillota_A_368345; c__Clostridia_258483; o__Oscillospirales; f__Oscillospiraceae_88309; g__WQUU01; s__WQUU01 sp009781925	0.8310808762188817
85f3a5d92a4b54b1ec6667e295edb6f6	d__Bacteria; p__Pseudomonadota; c__Alphaproteobacteria; o__Rhizobiales_505101; f__Rhizobiaceae; g__Pseudaminobacter_498387	0.7062395959693463
8627952b1fdbedc9b4ccbbfcf502b9fb	d__Bacteria; p__Bacteroidota; c__Bacteroidia; o__Bacteroidales; f__Marinilabiliaceae; g__Breznakibacter; s__Breznakibacter xylanolyticus	0.9999918319551201
8680ca8ee863d74bdefc901a040bc77f	d__Bacteria; p__Bacteroidota; c__Bacteroidia; o__Bacteroidales; f__Bacteroidaceae; g__Bacteroides_H_857956	0.9999999961956226
86cd589c63a65159cdee0cb4db5dfbc1	d__Bacteria; p__Bacillota_I; c__Bacilli_A; o__Acholeplasmatales; f__Acholeplasmataceae; g__; s__	0.9830461008414856
86dcca38aaa9f3fe1de7d794cf55a5bc	d__Bacteria; p__Bacillota_I; c__Bacilli_A; o__Bacillales_A; f__Planococcaceae; g__Ureibacillus; s__Ureibacillus thermosphaericus	0.9965041787569702
86f422b2efc833ad047fdf1c1a4db420	d__Bacteria; p__Actinomycetota; c__Actinomycetes; o__Actinomycetales; f__Actinomycetaceae; g__Scrofimicrobium; s__	0.8278384588993405
872cf4e911aa416ed8ca5366b0b581d3	d__Bacteria; p__Bacillota_A_368345; c__Clostridia_258483; o__Clostridiales; f__Clostridiaceae_222000; g__Inconstantimicrobium; s__Inconstantimicrobium porci	0.9999999810418105
8798ede92dd31da9327d4dd36a72f5e7	d__Bacteria; p__Bacillota_I; c__Bacilli_A; o__Paenibacillales; f__Paenibacillaceae_367474; g__Ammoniibacillus; s__	0.9999496833487963
87c4124efeeae4baa9fb227be1207949	d__Bacteria; p__Pseudomonadota; c__Gammaproteobacteria; o__Burkholderiales; f__Burkholderiaceae_A_595421; g__Ramlibacter_588642	0.7681353211878545
87c4c2bcc2c2d1e7c7b98664e0bec6ee	d__Bacteria; p__Deinococcota; c__Deinococci; o__Deinococcales; f__Trueperaceae; g__; s__	0.9493240472276473
880111ac59dc028b0aa419c811a1399f	d__Bacteria; p__Bacillota_I; c__Bacilli_A; o__Paenibacillales; f__NBRC-103111	0.9886088648671647
88057be2f8d469d11c79cd84bd18caa9	d__Bacteria; p__Pseudomonadota; c__Gammaproteobacteria	0.9999759675756301
887997fc9bbdc303dd1dd6ed1fb8e2d8	d__Bacteria; p__Bacillota_A_368345; c__Clostridia_258483; o__Lachnospirales; f__Cellulosilyticaceae; g__Cellulosilyticum; s__	0.9988297879814725
8882f8cd26afedf67525ff43a2f77f66	d__Bacteria; p__Pseudomonadota; c__Gammaproteobacteria; o__Enterobacterales_737866; f__Alteromonadaceae; g__Pseudidiomarina	0.9999722438964851
8894a53657ca31cfdd271a2c52df434c	d__Bacteria; p__Pseudomonadota; c__Gammaproteobacteria; o__Burkholderiales; f__Burkholderiaceae_A_595425; g__Zeimonas; s__Zeimonas sp001724855	0.875060214837768
88c33eb33546789e7a9a6cc2d3ecd87f	d__Bacteria; p__Actinomycetota; c__Actinomycetes; o__Actinomycetales; f__Cellulomonadaceae; g__Populibacterium; s__Populibacterium corticicola	0.9503410847645266
892ec5e483753611b09832c1768e638e	d__Bacteria; p__Bacillota_I; c__Bacilli_A; o__Bacillales_A; f__Planococcaceae; g__Solibacillus	0.9971853969101736
89525383032cea7e078df73b800a0749	d__Bacteria; p__Actinomycetota; c__Actinomycetes; o__Actinomycetales; f__Microbacteriaceae; g__Leucobacter	0.986647192300575
89c050e8e3a0b5dca160214361971b98	d__Bacteria; p__Myxococcota_A_473307; c__Bradymonadia; o__Bradymonadales; f__Bradymonadaceae; g__Lujinxingia	0.9790934486815064
89fc7f6def698030238f130fdcd23cd7	d__Bacteria; p__Actinomycetota; c__Actinomycetes; o__Actinomycetales; f__Microbacteriaceae; g__Leucobacter	0.9872389290049438
8a66d656832cbdb58a402347286d8827	d__Bacteria; p__Pseudomonadota; c__Alphaproteobacteria; o__Micavibrionales; f__Micavibrionaceae; g__UBA1573; s__	0.994322372835692
8a7ecd8f020b5b1887edfa69d2c80b29	d__Bacteria; p__Bacteroidota; c__Bacteroidia; o__Sphingobacteriales; f__Sphingobacteriaceae; g__Sphingobacterium; s__Sphingobacterium jejuense	0.9999966740849431
8ab3a2cdc1a0a0d06041f528e8457985	d__Bacteria; p__Pseudomonadota; c__Gammaproteobacteria; o__Pseudomonadales_A_660879; f__Moraxellaceae; g__Acinetobacter	0.9999999999588208
8ab72adb75e08df15fd882c39aadf50d	d__Bacteria; p__Bacteroidota; c__Bacteroidia; o__Flavobacteriales_B_877923; f__Flavobacteriaceae; g__Flavobacterium	0.9818700211897751
8adb8de79ff5ad47a006a90f96c0060f	d__Bacteria; p__Actinomycetota; c__Actinomycetes; o__Actinomycetales; f__Dermabacteraceae; g__Brachybacterium	0.9984127163207144
8af0ba30611d668e5a3927f85542f627	d__Bacteria; p__Bacillota_I; c__Bacilli_A; o__Lactobacillales; f__Lactobacillaceae; g__Limosilactobacillus; s__Limosilactobacillus fermentum	0.9999880366866828
8b0766d107153c82e4ab5f287749c893	d__Bacteria; p__Bacillota_I; c__Bacilli_A; o__Bacillales_B_306087; f__DSM-18226_301387; g__Niallia_299899; s__	0.9083999582455107
8b100cafdb3511b86f725b536ed5041f	d__Bacteria; p__Bacteroidota; c__Bacteroidia; o__Chitinophagales; f__Chitinophagaceae	0.9999999604749019
8b30616b62167711bb9a78269b13a021	d__Bacteria; p__Bacillota_I; c__Bacilli_A; o__Bacillales_A; f__Planococcaceae	0.9852857780213624
8b53567ebf72581d1d35175842c843c4	d__Bacteria; p__Bacillota_A_368345; c__Clostridia_258483; o__Clostridiales; f__Clostridiaceae_222000; g__Clostridium_T; s__Clostridium_T isatidis	0.9946542098643029
8b6b62bb0f063ac6b26b528483306a25	d__Bacteria; p__Bacillota_A_368345; c__Clostridia_258483; o__Oscillospirales; f__Oscillospiraceae_88309; g__WQUU01; s__WQUU01 sp009781925	0.7263071137383541
8b9e2ad3b00ae9ea2168bbc8b4b54edb	d__Bacteria; p__Pseudomonadota; c__Gammaproteobacteria; o__Pseudomonadales_A_660879; f__Moraxellaceae; g__Acinetobacter; s__Acinetobacter towneri_A	0.8489979003329531
8ba0b2c82559b882ff4ceb0d326f7d5e	d__Bacteria; p__Bacillota_I; c__Bacilli_A; o__Bacillales_B_306087; f__DSM-18226_301387; g__Bacillus_BU; s__Bacillus_BU sp000242895	0.7679055329956295
8bb3f6102c1e25a97ab04cb850dde036	d__Bacteria; p__Bacillota_I; c__Bacilli_A; o__Bacillales_D; f__Amphibacillaceae; g__Virgibacillus_B_287557; s__Virgibacillus_B_287557 alimentarius	0.7616904589410213
8bc54d575f88d09b2ba16b7f571812ae	d__Bacteria; p__Actinomycetota; c__Actinomycetes; o__Mycobacteriales; f__Mycobacteriaceae; g__Corynebacterium	0.9999999998745965
8bdfea64e3ea6d238e906dbf47439a9a	d__Bacteria; p__Bacteroidota; c__Bacteroidia; o__Flavobacteriales_B_877923; f__Crocinitomicaceae; g__Taishania; s__Taishania pollutisoli	0.9999999267018495
8c55d1108d3cefe1e0f6375e1376ce27	d__Bacteria; p__Actinomycetota; c__Actinomycetes; o__Mycobacteriales; f__Mycobacteriaceae; g__Corynebacterium	0.9999887475381634
8c5fbca229d77213a77734042f4f7f98	d__Bacteria; p__Bacillota_I; c__Bacilli_A; o__Bacillales_D; f__Amphibacillaceae; g__Lentibacillus_C_287047; s__	0.8544665972004435
8cd3abfd8131d3b8211d9e3efbd6df96	d__Bacteria; p__Pseudomonadota; c__Alphaproteobacteria; o__Rhizobiales_505101; f__Rhizobiaceae	0.9993179566459487
8d2e99200676fbe7ece097374a4dae27	d__Bacteria; p__Bacillota_I; c__Bacilli_A; o__Bacillales_A; f__Planococcaceae	0.9999780067529092
8d35c9db79ced4b2b92b33fb3516c3c0	d__Bacteria; p__Actinomycetota; c__Actinomycetes; o__Actinomycetales; f__Actinomycetaceae	0.9915975194048281
8d394bb8f8bd679f2daa27d0da233b3b	d__Bacteria; p__Bacteroidota; c__Bacteroidia; o__Sphingobacteriales; f__Sphingobacteriaceae; g__Sphingobacterium; s__Sphingobacterium jejuense	0.9989886396189984
8d55c4a6d853d2dc208a01ad078e97a3	d__Bacteria; p__Bacillota_I; c__Bacilli_A; o__Acholeplasmatales; f__Acholeplasmataceae; g__; s__	0.9729227114364332
8d924c0d990e790e25177fca6ca29329	d__Bacteria; p__Bacteroidota; c__Bacteroidia; o__Bacteroidales; f__Dysgonomonadaceae; g__Proteiniphilum; s__	0.9995335495533196
8da090410977fe5cc58f46bcada2d3a1	d__Bacteria; p__Bacillota_I; c__Bacilli_A; o__Lactobacillales; f__Vagococcaceae; g__Vagococcus_B	0.71057565085394
8db9ec3c6c2da03db22d64f72b6f0c7d	d__Bacteria; p__Bacillota_I; c__Bacilli_A; o__Lactobacillales; f__Lactobacillaceae; g__Lactiplantibacillus	0.9731800325230613
8dfaac55edb6e40707b3dfc2fc7de4dc	d__Bacteria; p__Actinomycetota; c__Thermoleophilia; o__Solirubrobacterales; f__Solirubrobacteraceae; g__Palsa-513	0.7459352810426276
8e61b7bd451e213e4d5f7daaa0f80fe9	d__Bacteria; p__Bdellovibrionota_473306; c__Bacteriovoracia; o__Bacteriovoracales; f__Bacteriovoracaceae; g__Peredibacter	0.7330168552140298
8e6738d5566365fda57d1dae31caef24	d__Bacteria; p__Bacillota_I; c__Bacilli_A; o__Bacillales_D; f__Amphibacillaceae	0.9249184595083404
8e82b4c6479f2ecb85087837159f52c7	d__Bacteria; p__Actinomycetota; c__Actinomycetes; o__Actinomycetales; f__Microbacteriaceae; g__Microbacterium_A_383321; s__Huakuichenia soli	0.9986068738868161
8eb75748dfee70297d70dca6b112b640	d__Bacteria; p__Actinomycetota; c__Actinomycetes; o__Actinomycetales; f__Brevibacteriaceae; g__Brevibacterium	0.9999603038630891
8ecc3f2c34eda17510c4cec7be1553be	d__Bacteria; p__Bacillota_I; c__Bacilli_A; o__Acholeplasmatales; f__Acholeplasmataceae; g__Acholeplasma_284948; s__Acholeplasma laidlawii	0.9999982093191707
8ef859c5da45af34001c045995a36026	d__Bacteria; p__Bacillota_B_370539; c__Peptococcia_369891; o__Peptococcales_369891; f__Desulfonisporaceae; g__Desulfonispora; s__	0.9298346404198214
8f09bac714c02dc9415770271349dc99	d__Bacteria; p__Pseudomonadota; c__Gammaproteobacteria; o__Pseudomonadales_A_650611; f__Pseudomonadaceae; g__Pseudomonas_E_647464	0.9999444926431265
8f0e079e376599ca45579b847a23e6d9	d__Bacteria; p__Bdellovibrionota_473306; c__Bacteriovoracia; o__Bacteriovoracales; f__Bacteriovoracaceae; g__Peredibacter; s__Peredibacter starrii	0.9990037180157899
8f4dcff4a33c58a05d1652b2facd85e6	d__Bacteria; p__Pseudomonadota; c__Alphaproteobacteria; o__Rhizobiales_505101; f__Rhizobiaceae	0.9906183782646636
8f694d5bb2589fa4c0ae48df1e5b58c7	d__Bacteria; p__Bacillota_A_368345; c__Clostridia_258483; o__Christensenellales; f__Christensenellaceae; g__Christensenella; s__Christensenella hongkongensis	0.8944503101059013
8f83cb0a7c089fc9a254b85f3461df80	d__Bacteria; p__Bacillota_I; c__Bacilli_A; o__Acholeplasmatales; f__Acholeplasmataceae; g__Acholeplasma_284948; s__Acholeplasma granularum	0.9939528253440161
8fbd16f27e1237ec4e1c4be01bb99106	d__Bacteria; p__Planctomycetota; c__Planctomycetia; o__Isosphaerales; f__Isosphaeraceae; g__Singulisphaera; s__Singulisphaera rosea	0.7394913958189644
8fee3c1b1b005e9756a5beade7ca3964	d__Bacteria; p__Actinomycetota; c__Actinomycetes; o__Actinomycetales; f__Brevibacteriaceae; g__Brevibacterium; s__Brevibacterium ravenspurgense	0.9998591642305924
901fda180e8b4b146d6dbcf86362963c	d__Bacteria; p__Pseudomonadota; c__Alphaproteobacteria; o__Rhizobiales_505101; f__Devosiaceae; g__Devosia_A_502124; s__	0.8636608055741448
902097566726e1f781e84fabc88ac723	d__Bacteria; p__Bacillota_A_368345; c__Clostridia_258483; o__Christensenellales; f__Aristaeellaceae; g__SFMI01; s__	0.9919971457964244
90531c3ea84569a2944a3782efcd68b3	d__Bacteria; p__Bacillota_A_368345; c__Clostridia_258483; o__Acetivibrionales; f__DSM-27016; g__Ruminiclostridium; s__Ruminiclostridium papyrosolvens_A	0.8419424417214304
90598c9017f071784435d52ce55e4a84	d__Bacteria; p__Actinomycetota; c__Thermoleophilia; o__Solirubrobacterales; f__Solirubrobacteraceae	0.990140485168582
90883cc3cfcbeec83e90204532f7cffc	d__Bacteria; p__Bacillota_I; c__Bacilli_A; o__Bacillales_A; f__Planococcaceae; g__Rummeliibacillus; s__Rummeliibacillus pycnus	0.9984007744676534
908d27a3f263b43650b2d3105d191a6b	d__Bacteria; p__Bacillota_A_368345; c__Clostridia_258483; o__Oscillospirales; f__Acutalibacteraceae; g__Clostridium_E; s__	0.9997911452636519
90d54adaf1010565bc07db428b4837fc	d__Bacteria; p__Bacillota_I; c__Bacilli_A	0.9999770533646148
90d9585f5aeb640aabeb113703b80aae	d__Bacteria; p__Planctomycetota; c__Planctomycetia; o__Gemmatales; f__Gemmataceae	0.9868023963986294
910b7b873ee368d80323f321513c673a	d__Bacteria; p__Myxococcota_A_473307; c__UBA796; o__UBA796; f__GCA-2862545; g__REDI01; s__REDI01 sp007693595	0.9995773329747778
911ad1751eeb67dd7af0fa89ba574fb4	d__Bacteria; p__Bacteroidota; c__Bacteroidia; o__Bacteroidales; f__Dysgonomonadaceae; g__Dysgonomonas; s__Dysgonomonas sp000711235	0.9684298374741549
912b74ed655558853d8d4c6ce29dc832	d__Bacteria; p__Bacillota_A_368345; c__Clostridia_258483; o__Lachnospirales; f__Lachnospiraceae; g__CAG-632; s__	0.9936471336501048
9144e2ea52723e634d83b2788ba51c02	d__Bacteria; p__Bacillota_I; c__Bacilli_A; o__Paenibacillales; f__NBRC-103111	0.8408030845287666
9156439d3703971cfd9514a4d74d830e	d__Bacteria; p__Bacteroidota; c__Bacteroidia; o__Chitinophagales; f__Chitinophagaceae; g__Gynurincola; s__Gynurincola endophyticus	0.9999999972421564
91a61c130fce93576be23753d4883dcd	d__Bacteria; p__Bacteroidota; c__Bacteroidia; o__Sphingobacteriales; f__Sphingobacteriaceae; g__Pedobacter_B_887417; s__Pedobacter_B_887417 solisilvae	0.8025587422803132
91b1e1210b83d859d44d1d59cc4d4e2d	d__Bacteria; p__Bacillota_I; c__Bacilli_A; o__Paenibacillales; f__NBRC-103111	0.9750745388134079
91cbfbc89a3b0e9bfae5955823b2ffbc	d__Bacteria; p__Bacillota_A_368345; c__Clostridia_258483; o__Clostridiales; f__Clostridiaceae_222000; g__Clostridium_F	0.9998410972155914
91d4cbb8cd217d2a2bf0b920994e0a6a	d__Bacteria; p__Bacillota_I; c__Bacilli_A; o__ML615J-28; f__CAG-698; g__UBA2253; s__UBA2253 sp002068415	0.9967867865538967
91dd5638360bda424f09a0aafd6bbc16	d__Bacteria; p__Bacillota_A_368345; c__Clostridia_258483; o__Lachnospirales; f__Lachnospiraceae; g__Anaerocolumna; s__	0.8508771360142995
929d9a7f88bd83bc06d889c356d9a13e	d__Bacteria; p__Pseudomonadota; c__Gammaproteobacteria; o__Enterobacterales_737866; f__Enterobacteriaceae_A_729055	0.9411339636239924
9300f96e4700122e2126eeebf4d8caf2	d__Bacteria; p__Pseudomonadota; c__Gammaproteobacteria; o__Pseudomonadales_A_660879; f__Moraxellaceae; g__Acinetobacter; s__Acinetobacter radioresistens	0.9251907551822854
93132fa30d42f5dbae1440d0dddfba7f	d__Bacteria; p__Bacillota_I; c__Bacilli_A; o__Erysipelotrichales; f__Erysipelotrichaceae; g__UBA9076; s__UBA9076 sp003537975	0.8193306047177926
93148f9b04edd643d87ac9ddf112acb6	d__Bacteria; p__Pseudomonadota; c__Gammaproteobacteria; o__Pseudomonadales_A_650612	0.8699025881082934
9334a3ccf2ba255839336bec4b0834ad	d__Bacteria; p__Bacillota_A_368345; c__Clostridia_258483; o__Lachnospirales; f__Cellulosilyticaceae; g__Cellulosilyticum; s__Cellulosilyticum ruminicola	0.9999373918190871
933698f9921412de1702068216e6b7ea	d__Bacteria; p__Actinomycetota; c__Actinomycetes; o__Actinomycetales; f__Demequinaceae; g__Demequina	0.811857101629866
937444f03ef127c4498c807c17fd0123	d__Bacteria	0.9999998085754719
937e036d7e28e64dc498af5fc40244d1	d__Bacteria; p__Bacteroidota; c__Bacteroidia; o__Sphingobacteriales; f__Sphingobacteriaceae; g__Sphingobacterium	0.9999999899621982
93a681b78bed94244df86fbe4f909092	d__Bacteria; p__Bacillota_C; c__Negativicutes; o__Sporomusales_C_40889; f__Sporomusaceae_40889; g__Sporomusa; s__	0.761232070509219
93aa0ec03305640520863d847ba9fb38	d__Bacteria; p__Bacillota_I; c__Bacilli_A; o__Brevibacillales; f__Brevibacillaceae; g__Brevibacillus_B; s__Brevibacillus_B dissolubilis	0.7888999540873106
9407db80b6a854a4f5b12fdac4c9aff6	d__Bacteria; p__Actinomycetota; c__Actinomycetes; o__Mycobacteriales; f__Micromonosporaceae; g__Actinoplanes	0.9994997141882113
9446808325274a47b1e63446bb29d543	d__Bacteria; p__Bacillota_A_368345; c__Clostridia_258483; o__Lachnospirales; f__Lachnospiraceae; g__KM106-2; s__KM106-2 sp009731425	0.8736637782052248
94b6eba6d64314d1dc6bc501ad5d0470	d__Bacteria; p__Actinomycetota; c__Actinomycetes; o__Actinomycetales; f__Microbacteriaceae; g__Microbacterium_A_383321	0.9963163220658913
94c78c3271d941e2374d17e9e1aee56e	d__Bacteria; p__Pseudomonadota; c__Gammaproteobacteria; o__Burkholderiales; f__Burkholderiaceae_A_595421; g__Hydrogenophaga_590407; s__	0.8100274377716573
94d4b6d622a88aacf7413440d2ec0347	d__Bacteria; p__Bacillota_I; c__Bacilli_A	0.9747053854477556
951beff0ccab568fefe2fb35c883451a	d__Bacteria; p__Bacteroidota; c__Bacteroidia; o__Flavobacteriales_B_877923; f__Weeksellaceae; g__Faecalibacter	0.9999980863504507
952b6171f849a9e632128208f755dc0f	d__Bacteria; p__Acidobacteriota; c__Vicinamibacteria; o__Vicinamibacterales; f__UBA2999; g__; s__	0.9717873290631646
95545c7b3cce1e1647dc0b77f62a848b	d__Bacteria; p__Bacillota_I; c__Bacilli_A; o__Acholeplasmatales; f__Acholeplasmataceae; g__Acholeplasma_284947; s__Acholeplasma parvum	0.8484979216523687
955a4264e03a15f1b33f8e7b010deb3d	d__Bacteria; p__Acidobacteriota; c__Blastocatellia; o__Pyrinomonadales; f__Pyrinomonadaceae	0.9999999999999972
9596f32f6fcbbb13b160075b8d95a843	d__Bacteria; p__Actinomycetota; c__Acidimicrobiia_401430; o__Acidimicrobiales	0.9133768650284297
95ed9112912605093a6efe56b3a6f3f9	d__Bacteria; p__Actinomycetota; c__Actinomycetes; o__Actinomycetales; f__Microbacteriaceae; g__Cryobacterium_381841	0.7487911893653327
9604552259f549feddde75386999100b	d__Bacteria; p__Bacillota_I; c__Bacilli_A; o__Paenibacillales; f__Paenibacillaceae_367444; g__Saccharibacillus; s__Saccharibacillus endophyticus	0.9998137501791022
9627e5eb8c335902b69ec63647103752	d__Bacteria; p__Bacillota_I; c__Bacilli_A; o__Paenibacillales; f__YIM-B00363; g__Paenibacillus_AE; s__Paenibacillus_AE antri	0.99800838638597
962b9bf1dacac6a1b5e8d80dbc97dbbf	d__Bacteria; p__Bacillota_I; c__Bacilli_A; o__Lactobacillales; f__Carnobacteriaceae	0.9983266924591473
9665846646d6633d614b9b08399f77e3	d__Bacteria; p__Bacillota_I; c__Bacilli_A; o__Bacillales_D; f__Amphibacillaceae; g__Virgibacillus_E_287324; s__Virgibacillus_E_287324 proomii	0.8939052761581057
9669e2a654e46b978031706f1054af14	d__Bacteria; p__Pseudomonadota; c__Gammaproteobacteria; o__Burkholderiales; f__; g__; s__	0.937347133847588
96714a6842a401aa4fecabff7a334c5f	d__Bacteria; p__Actinomycetota; c__Actinomycetes; o__Mycobacteriales; f__Mycobacteriaceae; g__Corynebacterium	0.9999999880145345
9672dcbb4dedaaa797da414c9d651783	d__Bacteria; p__Actinomycetota; c__Actinomycetes; o__Actinomycetales; f__Micrococcaceae; g__Glutamicibacter; s__Glutamicibacter soli	0.8042958425388228
969b06e499cd325913f8e6f25c5d240e	d__Bacteria; p__Bacteroidota; c__Bacteroidia; o__Bacteroidales; f__Dysgonomonadaceae; g__Dysgonomonas	0.9999999802476105
96a749bb0d1b8b990eeb3dca2703af4f	d__Bacteria; p__Bacillota_I; c__Bacilli_A; o__Bacillales_A; f__Planococcaceae	0.9993843209915563
96c1ffadf17daeb2c1593087644eae6d	d__Bacteria; p__Bacillota_I; c__Bacilli_A; o__RFN20; f__CAG-826; g__UBA1361; s__UBA1361 sp002069815	0.9800732297512019
972d52464eaf5154729329aa484e6d8b	d__Bacteria; p__Bacillota_A_368345; c__Clostridia_258483; o__Clostridiales; f__Clostridiaceae_222000; g__Clostridium_T; s__Clostridium_T tertium	0.7644893994500287
9771c5e58377e400ec18128e942ae391	d__Bacteria; p__Actinomycetota; c__Actinomycetes; o__Actinomycetales; f__Micrococcaceae; g__Pseudoglutamicibacter	0.9989843547342366
9784457457413dea047d36ca024b6c70	d__Bacteria; p__Bacillota_I; c__Bacilli_A; o__Lactobacillales; f__Lactobacillaceae; g__Companilactobacillus; s__Companilactobacillus futsaii	0.8683048288928251
982490851056ae56afc48aa8b80009b3	d__Bacteria; p__Bacteroidota; c__Bacteroidia; o__Flavobacteriales_B_877923; f__Flavobacteriaceae; g__Confluentibacter; s__Confluentibacter lentus	0.8750213843473756
98274dad95eb764056e4a02c994e6be3	d__Bacteria; p__Pseudomonadota; c__Gammaproteobacteria; o__Pseudomonadales_A_650611; f__Pseudomonadaceae; g__Pseudomonas_E_648040; s__Pseudomonas_E_648040 mangrovi	0.9818543685378488
985faddfff65bdf62f4c14bbbe3e8ba5	d__Bacteria; p__Bacillota_I; c__Bacilli_A; o__Bacillales_B_306087; f__Bacillaceae_C_302571; g__Weizmannia; s__Weizmannia coagulans	0.9995318579086705
986d1160fa2c6d6e1b39adda581cbd09	d__Bacteria; p__Actinomycetota; c__Actinomycetes; o__Mycobacteriales; f__Mycobacteriaceae; g__Corynebacterium; s__Corynebacterium kroppenstedtii	0.9999997142042627
98b9585fbf6992917ac6c7f510d9abae	d__Bacteria; p__Deinococcota; c__Deinococci; o__Deinococcales; f__Trueperaceae; g__; s__	0.990121647009233
990e948ea8ce07d15e9555e2d53b7983	d__Bacteria; p__Bacillota_I; c__Bacilli_A; o__Bacillales_A; f__Planococcaceae; g__Savagea; s__Savagea faecisuis	0.9201579117377798
991ae6ba92a9d1e1d0152cf325a2c712	d__Bacteria; p__Pseudomonadota; c__Alphaproteobacteria; o__Rhizobiales_505101	0.9635273522515929
99388f5ecfaea140113edc9cd08525bd	d__Bacteria; p__Bacillota_I; c__Bacilli_A; o__Lactobacillales; f__Lactobacillaceae; g__Levilactobacillus	0.956562446904379
996a930a7ad5b3d45f3fa45c8971ce5b	d__Bacteria; p__Pseudomonadota; c__Gammaproteobacteria; o__Pseudomonadales_A_650612; f__Pseudohongiellaceae; g__Pseudohongiella; s__Pseudohongiella sp004535785	0.9996581823966654
9977d541a8302a9ae18d149b33354f85	d__Bacteria; p__Pseudomonadota; c__Gammaproteobacteria; o__Pseudomonadales_A_650611; f__Pseudomonadaceae; g__Pseudomonas_E_647464	0.9922755198432609
99a24244b8ee4488b1bd89c76fbfc176	d__Bacteria; p__Bacillota_I; c__Bacilli_A; o__Lactobacillales; f__Enterococcaceae	0.9997642721285251
99c40a5312fad44f7ab6022d13d53441	d__Bacteria; p__Bacteroidota; c__Bacteroidia; o__Bacteroidales; f__Bacteroidaceae; g__Bacteroides_H_857956	0.999999999803934
99e3dd0cd57c69e34528dc3fb9ed543a	d__Bacteria; p__Actinomycetota; c__Actinomycetes; o__Actinomycetales; f__Bifidobacteriaceae; g__Bifidobacterium_388775; s__Bifidobacterium mongoliense	0.9984001523032092
9a39c9134c70724213a73870dcb3d22a	d__Bacteria; p__Bacillota_A_368345; c__Clostridia_258483; o__Lachnospirales; f__Lachnospiraceae; g__Lacrimispora; s__	0.8670929684929237
9a678387e181f68ed3a09a929d47c386	d__Bacteria; p__Actinomycetota; c__Actinomycetes; o__Actinomycetales; f__Actinomycetaceae; g__Scrofimicrobium; s__	0.8106389731339456
9a7063ca38c594025da3b09fff6a34ff	d__Bacteria; p__Bacteroidota; c__Bacteroidia; o__Sphingobacteriales; f__Sphingobacteriaceae; g__Sphingobacterium	0.9997064338881884
9a72c140be87e6b7a6a3d293d7f115fe	d__Bacteria; p__Bacteroidota; c__Bacteroidia; o__Sphingobacteriales; f__Sphingobacteriaceae; g__Sphingobacterium; s__Sphingobacterium alimentarium	0.9993024256679464
9a8abe19edeab4cf5be2f4652d6a4049	d__Bacteria; p__Bacillota_A_368345; c__Clostridia_258483; o__Oscillospirales	0.9999703635289188
9a9062729d6fdfc77ea0d39548cf9f64	d__Bacteria; p__Pseudomonadota; c__Alphaproteobacteria; o__Rhizobiales_505101; f__Rhizobiaceae; g__Ochrobactrum_A_499027; s__Ochrobactrum_A_499027 pseudogrignonensis	0.9896684490162747
9aaa48559960700ef33537001a857b37	d__Bacteria; p__Pseudomonadota; c__Alphaproteobacteria; o__Rhizobiales_505101; f__Rhizobiaceae	0.9992937661578606
9adc47caf0589aa2bd276e057588259b	d__Bacteria; p__Pseudomonadota; c__Alphaproteobacteria; o__Rhizobiales_505101; f__Beijerinckiaceae; g__Roseiarcus; s__Roseiarcus sp009765995	0.8047716606700993
9ae855128158a6ea2b34c6672e1c99d6	d__Bacteria; p__Bacillota_A_368345; c__Clostridia_258483; o__Christensenellales; f__Aristaeellaceae; g__SFMI01	0.9998349740256689
9aeb679bf03a282f7385d4a08793f864	d__Bacteria; p__Bacillota_A_368345; c__Clostridia_258483; o__Oscillospirales; f__CAG-382; g__SFLA01; s__	0.9999594902770986
9b765e3c0d9325dedb80f33a34026562	d__Bacteria; p__Actinomycetota; c__Actinomycetes; o__Actinomycetales; f__Microbacteriaceae	0.7668939227303937
9bca918b518f0fb2d9a70a5f7f7c57aa	d__Bacteria; p__Bacillota_I; c__Bacilli_A; o__Paenibacillales; f__NBRC-103111; g__Paenibacillus_AB	0.9996730428887298
9be10d0fd39245c6f1b6cd56d3897c72	d__Bacteria; p__Bacillota_A_368345; c__Clostridia_258483; o__Christensenellales; f__Christensenellaceae; g__Christensenella; s__Christensenella hongkongensis	0.9995393034587651
9c2174c754ff087e76680ef351798781	d__Bacteria; p__Pseudomonadota; c__Gammaproteobacteria; o__; f__; g__; s__	0.8590243148519319
9c2f7a715f0a278577fdbf9064908e2c	d__Bacteria; p__Bacillota_I; c__Bacilli_A; o__Paenibacillales	0.7180620639535438
9c616a56b6dbd463ab677fff7238a9a7	d__Bacteria; p__Bacillota_A_368345; c__Clostridia_258483; o__Tissierellales; f__Tepidimicrobiaceae; g__Schnuerera; s__Schnuerera ultunensis	0.9998128175869809
9c7fe876f2eaace97ce1b2e35c84bb03	d__Bacteria; p__Bacillota_I; c__Bacilli_A; o__Paenibacillales; f__NBRC-103111; g__Paenibacillus_G_363728	0.7040782259614061
9cbabd83534a2c1346d3192250bf7b17	d__Bacteria; p__Bacillota_I; c__Bacilli_A; o__Paenibacillales; f__NBRC-103111; g__Paenibacillus_L	0.9999354592694214
9cc196b345fdf9a515269bacdb5e704b	d__Bacteria; p__Bacteroidota; c__Bacteroidia; o__Bacteroidales; f__Dysgonomonadaceae; g__Dysgonomonas; s__Dysgonomonas sp010501095	0.7998547518464505
9cfb790e2127ecb5ded052438e0b0857	d__Bacteria; p__Bacteroidota; c__Bacteroidia; o__Sphingobacteriales; f__Sphingobacteriaceae; g__Sphingobacterium; s__Sphingobacterium alimentarium	0.8551355109475124
9d43ff3033e4c6ab4960da74c1330e82	d__Bacteria; p__Actinomycetota; c__Actinomycetes; o__Streptosporangiales; f__Streptosporangiaceae; g__Nocardiopsis_D	0.9994840604814549
9d5f6df809a5825d6b5b1c2319a2b032	d__Bacteria	0.9991942316322678
9d7035de5fcf30ed6f1f48eb6b4b60d5	d__Bacteria; p__Pseudomonadota; c__Gammaproteobacteria; o__Xanthomonadales; f__Xanthomonadaceae	0.9999999156506554
9d8196c279ef639cf40c6175a58b148f	d__Bacteria; p__Bacillota_I; c__Bacilli_A; o__Paenibacillales; f__K13; g__Xylanibacillus; s__Xylanibacillus composti	0.7499358349267494
9d842384fe54261575feff83e9191592	d__Bacteria; p__Bdellovibrionota_473306; c__Bacteriovoracia; o__Bacteriovoracales; f__Bacteriovoracaceae; g__Peredibacter; s__Peredibacter starrii	0.9976882372430429
9d94762a69ba8e8f79dc7f35fed9b560	d__Bacteria; p__Pseudomonadota; c__Alphaproteobacteria; o__Rhodobacterales; f__Rhodobacteraceae; g__Wagnerdoeblera_493755; s__Wagnerdoeblera intermedia	0.9345764093985178
9da78c60c4d7d85fcf573e9ce11f70d0	d__Bacteria; p__Bacillota_I; c__Bacilli_A; o__Bacillales_B_306087; f__DSM-18226_301387	0.9900101889819128
9db4e3521fd54ab13380244edd9d3df6	d__Bacteria; p__Bacillota_I; c__Bacilli_A	0.9372369925625661
9db796681e21205aa26d2f3aab77208f	d__Bacteria; p__Bacillota_I; c__Bacilli_A; o__Bacillales_B_306089; f__Bacillaceae_H_289398; g__Priestia_289346	0.9998117907243688
9ddec41a6cbc2b367e062c79c823f8cd	d__Bacteria; p__Bacillota_I; c__Bacilli_A	0.9999959164956806
9df9154a73fdd778fce08d1cb9c81a06	d__Bacteria; p__Actinomycetota; c__Actinomycetes; o__Streptosporangiales; f__Streptosporangiaceae; g__Nocardiopsis_D	0.9987810101928247
9e002cf416e9b078da976af2c0236a9d	d__Bacteria; p__Bacillota_I; c__Bacilli_A; o__Bacillales_B_306087; f__Bacillaceae_C_302575; g__Heyndrickxia; s__Heyndrickxia oleronia	0.9994779936227824
9e1cf475a3e9d110e3f246614a477807	d__Bacteria; p__Chloroflexota; c__Chloroflexia; o__Thermomicrobiales	0.7429831618799477
9e21501f0e192277ac970deb4eeb8411	d__Bacteria; p__Bacillota_I; c__Bacilli_A; o__Staphylococcales; f__Staphylococcaceae; g__Mammaliicoccus_319278; s__Mammaliicoccus vitulinus	0.9930482472894461
9e306676fd7978fa3e707dd0be7b6b4a	d__Bacteria; p__Bacillota_I; c__Bacilli_A	0.9986351318615992
9e3f6f829433a08aeec66711965a3984	d__Bacteria; p__Pseudomonadota; c__Alphaproteobacteria; o__Rhizobiales_505101; f__Devosiaceae; g__Pelagibacterium	0.9844626209878221
9e940e42e2504234bd07b44299a34362	d__Bacteria; p__Bacteroidota; c__Bacteroidia; o__Flavobacteriales_B_877923; f__Weeksellaceae; g__Moheibacter; s__	0.9999999927300111
9e969ad60787e596c4e04f273adcd4ce	d__Bacteria; p__Actinomycetota; c__Actinomycetes; o__Propionibacteriales; f__Nocardioidaceae; g__Nocardioides_A_392796; s__Nocardioides_A_392796 zeicaulis	0.8175893069089109
9ee31f28923838f44d19b9fb31b65f55	d__Bacteria; p__Bacillota_A_368345; c__Clostridia_258483; o__Lachnospirales; f__Cellulosilyticaceae; g__Cellulosilyticum; s__Cellulosilyticum ruminicola	0.998937838576179
9f06687b5ee235a27828a38720a2cfb2	d__Bacteria; p__Myxococcota_A_473307; c__Myxococcia; o__Myxococcales; f__Vulgatibacteraceae; g__Vulgatibacter; s__Vulgatibacter incomptus	0.9999993710617747
9f087f6d53fad8e3886f16bc97bed563	d__Bacteria; p__Bacillota_I; c__Bacilli_A; o__Bacillales_D; f__Amphibacillaceae; g__Virgibacillus_E_287324; s__Virgibacillus_E_287324 halodenitrificans	0.9531562406419005
9f20faa83fec97ce8812839d748ac77e	d__Bacteria; p__Bacteroidota; c__Bacteroidia; o__Chitinophagales; f__Chitinophagaceae; g__Flavipsychrobacter	0.9930956301819044
9f42f1eca88d103be5a540782b5735d8	d__Bacteria; p__Bacillota_A_368345; c__Clostridia_258483; o__Lachnospirales; f__Lachnospiraceae; g__Lachnoclostridium_A_130679; s__Lachnoclostridium_A_130679 sp002160755	0.8102867216469173
9f45f360e861255956b3a965edecb3ae	d__Bacteria; p__Bacteroidota; c__Bacteroidia; o__Sphingobacteriales; f__Sphingobacteriaceae; g__Sphingobacterium	0.9999999999728746
9f57cc0503bc470498dacfa94622bd09	d__Bacteria; p__Bacillota_I; c__Bacilli_A; o__Bacillales_A; f__Planococcaceae; g__Savagea; s__Savagea faecisuis	0.8894353723294015
9f5a4173b7dd96a5406cca0d24409d57	d__Bacteria; p__Bacillota_A_368345; c__Clostridia_258483; o__Oscillospirales; f__Ruminococcaceae	0.9999445542510645
9f5ac121e40f2b41fac9b3b49dfb7378	d__Bacteria; p__Bacillota_A_368345; c__Clostridia_258483; o__Tissierellales; f__Tissierellaceae; g__Tissierella_A; s__Tissierella_A creatinophila	0.973535077082488
9f5e3e160ae373d33c34de5d09a9f587	d__Bacteria; p__Pseudomonadota; c__Alphaproteobacteria; o__Micavibrionales; f__UBA2020; g__; s__	0.9971803463853666
9f5ee60937a99c57b54e92b4ee9c7048	d__Bacteria; p__Actinomycetota; c__Actinomycetes; o__Actinomycetales; f__Microbacteriaceae; g__Leucobacter; s__Leucobacter holotrichiae	0.9904936290783654
9f67f28724758e37244e15632b082eab	d__Bacteria; p__Bacillota_I; c__Bacilli_A; o__Bacillales_A; f__Planococcaceae	0.8786502654518331
9f9ac695eff3a9413536a98f4ac659fb	d__Bacteria; p__Bacillota_I; c__Bacilli_A; o__Bacillales_D; f__Amphibacillaceae; g__Cerasibacillus; s__	0.9802831213651937
9fbe170a98d897f3c689df81f2d9b5a8	d__Bacteria; p__Pseudomonadota; c__Gammaproteobacteria; o__Enterobacterales_737866; f__Enterobacteriaceae_A_732334	0.9848665435466302
9fc457262bcf0b6d391b790656fe6345	d__Bacteria; p__Bacteroidota; c__Bacteroidia; o__Flavobacteriales_B_877923; f__Crocinitomicaceae; g__Brumimicrobium; s__	0.9999920008046723
9fdd4d2037d733ee676993d0cc27dfce	d__Bacteria; p__Pseudomonadota; c__Alphaproteobacteria; o__Sphingomonadales; f__Sphingomonadaceae_486827; g__Sphingopyxis_485592	0.995038736447362
a017c022ffcd098c95bb2ac68b20f4f7	d__Bacteria; p__Bacteroidota; c__Bacteroidia; o__Sphingobacteriales; f__Sphingobacteriaceae; g__Sphingobacterium; s__Sphingobacterium jejuense	0.9999968866691239
a04d436011ee2577a5701a9ae45d1105	d__Bacteria; p__Bacillota_I; c__Bacilli_A; o__Bacillales_B_306087; f__Bacillaceae_C_302577; g__Lederbergia_A_302195; s__Lederbergia_A_302195 galactosidilytica	0.8832067557216366
a05533870d54ec58266539582db2dc25	d__Bacteria; p__Bacteroidota; c__Bacteroidia; o__Sphingobacteriales; f__Sphingobacteriaceae; g__Sphingobacterium	0.9997421618114215
a05ab8bf3be23b696593c04b3fc1e143	d__Bacteria; p__Pseudomonadota; c__Gammaproteobacteria; o__Pseudomonadales_A_650612; f__Cellvibrionaceae; g__Marinagarivorans; s__Marinagarivorans algicola	0.9999960581864357
a0bbf67cf831bfb7ac03161f7555a373	d__Bacteria; p__Bacillota_A_368345; c__Clostridia_258483; o__Tissierellales; f__Sedimentibacteraceae; g__Sedimentibacter; s__Sedimentibacter hongkongensis	0.9998366338066498
a0ce8b55025d6938934bad1deef8a587	d__Bacteria; p__Chloroflexota; c__Chloroflexia; o__Thermomicrobiales; f__; g__; s__	0.9999933424950807
a11e8d063351e721cc35780433d94f76	d__Bacteria; p__Pseudomonadota; c__Gammaproteobacteria; o__Steroidobacterales; f__Steroidobacteraceae; g__Steroidobacter_A_608626	0.8106968398453086
a122ae5cc0be5909007d71f5f59445ed	d__Bacteria; p__Bacillota_I; c__Bacilli_A; o__Lactobacillales; f__Vagococcaceae; g__Vagococcus_A; s__Vagococcus_A lutrae	0.9002005932917405
a14bfd1f6038fc1e75cc7046fe1f3697	d__Bacteria; p__Actinomycetota; c__Actinomycetes; o__Mycobacteriales; f__Mycobacteriaceae; g__Mycobacterium	0.9999994724719297
a1caeed36097c5e50d912a05e021c9aa	d__Bacteria; p__Actinomycetota; c__Actinomycetes; o__Mycobacteriales; f__Pseudonocardiaceae; g__Saccharopolyspora_D_379453; s__Saccharopolyspora_D_379453 rectivirgula	0.8056496320380937
a1ee4040db750910f7b473c449243711	d__Bacteria; p__Bacteroidota; c__Bacteroidia; o__Sphingobacteriales; f__Sphingobacteriaceae; g__Sphingobacterium; s__Sphingobacterium arenae	0.7451488522775681
a223c8cc5fa4db0eee367ea83ace384a	d__Bacteria; p__Bacillota_A_368345; c__Clostridia_258483; o__Clostridiales; f__Clostridiaceae_222000; g__Clostridium_J	0.9991008543021715
a22e649db770bdb5bd88ef1c0744b04b	d__Bacteria; p__Bdellovibrionota_473306; c__Bacteriovoracia; o__Bacteriovoracales; f__Bacteriovoracaceae; g__Peredibacter; s__Peredibacter starrii	0.9604277409255815
a24e0d4286b004ee3345384b6f377f9e	d__Bacteria; p__Actinomycetota; c__Actinomycetes; o__Actinomycetales; f__Bifidobacteriaceae; g__Bifidobacterium_388775	0.9999966476679769
a254be3bfda26db525c67e659baf4e3e	d__Bacteria; p__Bacteroidota; c__Bacteroidia; o__Sphingobacteriales; f__Sphingobacteriaceae; g__Sphingobacterium	0.998224107826548
a25ffb1b91510136ced2165058eb984e	d__Bacteria; p__Actinomycetota; c__Actinomycetes; o__Mycobacteriales; f__Pseudonocardiaceae; g__Pseudonocardia	0.9993274174803105
a2a324640204312f2f3c5e0439f97992	d__Bacteria; p__Pseudomonadota; c__Gammaproteobacteria; o__Pseudomonadales_A_650611; f__Pseudomonadaceae; g__Thiopseudomonas; s__Denitrificimonas caeni	0.9993009488403564
a2b00765ce13e092b16639602b383a9c	d__Bacteria; p__Bacillota_I; c__Bacilli_A; o__Bacillales_B_306087; f__Caldibacillaceae; g__Caldibacillus_B; s__Caldibacillus_B thermolactis	0.9208305091915242
a31c5e2cf096e6f98bdc2cc712a25ef0	d__Bacteria; p__Pseudomonadota; c__Alphaproteobacteria; o__Sphingomonadales; f__Sphingomonadaceae_486827; g__Novosphingobium	0.792524592866809
a3892aeec8d066c914457406ef40fb54	d__Bacteria; p__Bacillota_I; c__Bacilli_A; o__Lactobacillales; f__Lactobacillaceae; g__Companilactobacillus	0.9999999806355825
a39d02c782eae96c08aecebf0fb653eb	d__Bacteria; p__Actinomycetota; c__Actinomycetes; o__Actinomycetales; f__Microbacteriaceae	0.9992620858158292
a3a5c9dc28fe923a437c5087d295caef	d__Bacteria; p__Bacillota_I; c__Bacilli_A; o__Paenibacillales	0.9879653659567671
a3a8654446ef8242c6f5dd99eb6cc0fa	d__Bacteria; p__Pseudomonadota; c__Alphaproteobacteria; o__Rhodobacterales; f__Rhodobacteraceae; g__Paracoccus	0.9965646855223976
a3a9a481986bccee0d0aef0d88b7eb76	d__Bacteria; p__Pseudomonadota; c__Gammaproteobacteria; o__Pseudomonadales_A_660879; f__Moraxellaceae; g__Acinetobacter	0.999999999901862
a3da13c7216c2358f9e4b441fe638a6a	d__Bacteria; p__Pseudomonadota; c__Gammaproteobacteria; o__Enterobacterales_737866; f__Enterobacteriaceae_A_725029	0.9426712163688764
a3dc5f1b1defaf3d68f99489e6cd56b0	d__Bacteria; p__Bacillota_A_368345; c__Clostridia_258483; o__Oscillospirales; f__Oscillospiraceae_88309	0.9999999886676778
a3f9e12d6ee993d25441b9b0283ecca3	d__Bacteria; p__Pseudomonadota; c__Alphaproteobacteria; o__Rhizobiales_505101; f__Rhizobiaceae	0.999999269929256
a427ffab5333ba56eb67b6ecc7878d3a	d__Bacteria; p__Pseudomonadota; c__Gammaproteobacteria; o__Enterobacterales_737866; f__Alteromonadaceae; g__Pseudidiomarina	0.9990685393632703
a464ba84cab30ea268f0e2fa74648a40	d__Bacteria; p__Bacillota_I; c__Bacilli_A; o__Bacillales_A; f__Planococcaceae	0.7995801310059545
a475ca84834c16f765bb6d40b064bd7f	d__Bacteria; p__Bacillota_I; c__Bacilli_A; o__MOL361; f__Turicibacteraceae; g__Turicibacter	0.9999991393979055
a49f8a421c3266babbf117d87eda77ed	d__Bacteria; p__Pseudomonadota; c__Alphaproteobacteria; o__Rhodobacterales; f__Rhodobacteraceae; g__Paracoccus; s__Paracoccus sediminilitoris	0.9432559517243069
a4a950a03bb054a9de0b3caf9cff336f	d__Bacteria; p__Bacillota_A_368345; c__Clostridia_258483; o__Tissierellales; f__Peptoniphilaceae; g__Mediannikoviicoccus; s__Mediannikoviicoccus massiliensis	0.9999885403156498
a4cfe3c714604c61bf50ee24c0252651	d__Bacteria; p__Bacillota_A_368345; c__Clostridia_258483; o__Lachnospirales; f__Cellulosilyticaceae; g__Cellulosilyticum; s__Cellulosilyticum ruminicola	0.9443637226658934
a5189f77a2cfeab3bc1602ff5c8ac3e9	d__Bacteria; p__Bacillota_I; c__Bacilli_A; o__Lactobacillales; f__Streptococcaceae; g__Streptococcus	0.9999999999984266
a5328916994125adfb8b89c7c0b99d13	d__Bacteria; p__Bacteroidota; c__Bacteroidia; o__Bacteroidales; f__Dysgonomonadaceae; g__Proteiniphilum; s__	0.9978806168305441
a586759a0e41fe261982bd56f0f2767e	d__Bacteria; p__Bacillota_I; c__Bacilli_A; o__; f__; g__; s__	0.8834719019244271
a5a6758a49824661236bc9860c836534	d__Bacteria; p__Bacillota_I; c__Bacilli_A; o__Acholeplasmatales; f__Acholeplasmataceae	0.9673334018027848
a5d043edfbdd3f520053a78c52ec7a4e	d__Bacteria; p__Bacteroidota; c__Bacteroidia; o__Flavobacteriales_B_877923; f__Flavobacteriaceae; g__Flavobacterium	0.999999999574958
a5d1217aa1cbc154c499796f9040d954	d__Bacteria; p__Bacillota_I; c__Bacilli_A; o__Staphylococcales; f__Staphylococcaceae; g__Staphylococcus	0.9999538582129142
a60f049ec9c5919e289d52cdeb0b3a32	d__Bacteria; p__Bacillota_I; c__Bacilli_A	0.9999756302981357
a65719a197852ae5294794c178dae9d3	d__Bacteria; p__Bacillota_A_368345; c__Clostridia_258483; o__Clostridiales; f__Clostridiaceae_222000; g__Clostridium_T	0.9999991123194455
a6ed4da73ebf30138b909371e068dc72	d__Bacteria; p__Bacteroidota; c__Bacteroidia; o__Sphingobacteriales; f__Sphingobacteriaceae; g__Sphingobacterium; s__Sphingobacterium jejuense	0.976345941452499
a701edd94d36323167a8de7ae4c1ef02	d__Bacteria; p__Actinomycetota; c__Actinomycetes; o__Actinomycetales; f__Cellulomonadaceae; g__Jonesia; s__Jonesia denitrificans	0.9893399361467616
a709b995db46c4ec4f8bd191adcc0903	d__Bacteria; p__Bacteroidota; c__Bacteroidia; o__Flavobacteriales_B_877923; f__Weeksellaceae; g__Daejeonia; s__	0.9867779611655708
a70f696b23733e2319a85390c542ea3d	d__Bacteria; p__Verrucomicrobiota; c__Verrucomicrobiae; o__Verrucomicrobiales; f__Akkermansiaceae; g__Luteolibacter_776538; s__Luteolibacter gellanilyticus	0.9253945478795148
a75568deb408dcc5be74bdf23e1f6dc7	d__Bacteria; p__Pseudomonadota; c__Gammaproteobacteria; o__Burkholderiales; f__Burkholderiaceae_A_595421; g__Comamonas_F_589250	0.9746174182862496
a77111307a52e584e2aee36b6d547d2c	d__Bacteria; p__Planctomycetota; c__Planctomycetia; o__Gemmatales; f__Gemmataceae; g__Fimbriiglobus; s__Fimbriiglobus ruber	0.9788990424920758
a7923c81f2f7e20202548dca00aff8e0	d__Bacteria; p__Bacillota_A_368345; c__Clostridia_258483; o__Lachnospirales; f__Cellulosilyticaceae; g__Cellulosilyticum; s__Cellulosilyticum ruminicola	0.9999987960615613
a7c4a5846ad6f27f3ac380abb91fe7af	d__Bacteria; p__Bacillota_A_368345; c__Clostridia_258483; o__Lachnospirales; f__Lachnospiraceae; g__Lachnotalea; s__	0.9951832592695182
a7f03e54093189fbe18e5b9ad77d18a6	d__Bacteria; p__Actinomycetota; c__Actinomycetes; o__Actinomycetales; f__Microbacteriaceae; g__Leucobacter; s__Leucobacter holotrichiae	0.7399416697744337
a7f0beda6eef2737bd3ee653e189ceaf	d__Bacteria; p__Bacillota_I; c__Bacilli_A; o__Brevibacillales; f__Brevibacillaceae; g__Brevibacillus_D_362672	0.9995633279585149
a811bc5e673b192be5fce4dda38deddc	d__Bacteria; p__Pseudomonadota; c__Gammaproteobacteria; o__Xanthomonadales; f__Xanthomonadaceae; g__Stenotrophomonas_A_615274; s__Stenotrophomonas_A_615274 koreensis	0.9818577834871921
a8255eaa4fca49e3d9577d733fc55a08	d__Bacteria; p__Sumerlaeota; c__Sumerlaeia; o__Sumerlaeales; f__Sumerlaeaceae; g__HGW-BRC1-1; s__HGW-BRC1-1 sp002842095	0.9947046121937358
a84fc7fae3a016119ad3087d4c478520	d__Bacteria; p__Actinomycetota; c__Actinomycetes; o__Mycobacteriales; f__Mycobacteriaceae; g__Dietzia; s__	0.8830382674814466
a8791c1500d6be9892cc666cffdc33ca	d__Bacteria; p__Bacillota_I; c__Bacilli_A; o__Staphylococcales; f__; g__; s__	0.8693319649111797
a87e5e0f4c0af86706f39457e98236f8	d__Bacteria; p__Bdellovibrionota_473306; c__Bacteriovoracia; o__Bacteriovoracales; f__Bacteriovoracaceae; g__Peredibacter; s__Peredibacter starrii	0.9997931950583835
a884f42c0dcfcf7b4d175db419486865	d__Bacteria; p__Bacillota_A_368345; c__Clostridia_258483; o__Clostridiales; f__Clostridiaceae_222000; g__Clostridium_J	0.9939397483549922
a8b443a03f96310339c0f8f81b72122e	d__Bacteria; p__Pseudomonadota; c__Gammaproteobacteria; o__Burkholderiales; f__Burkholderiaceae_A_595373; g__Paenalcaligenes; s__Paenalcaligenes hermetiae	0.7456294108807368
a8b7022301fca7302676867b38bd92c2	d__Bacteria; p__Bacteroidota; c__Bacteroidia; o__Bacteroidales; f__Dysgonomonadaceae; g__Proteiniphilum	0.9761229772729368
a8bf7e22928ef3882d3a22fc255ad3e3	d__Bacteria; p__Bacteroidota; c__Bacteroidia; o__Sphingobacteriales; f__Sphingobacteriaceae; g__Sphingobacterium; s__Sphingobacterium alimentarium	0.7769988689247772
a8dae2a12b812bb2bb02f9ae74a8b2b0	d__Bacteria; p__Actinomycetota; c__Actinomycetes; o__Actinomycetales; f__Microbacteriaceae	0.9999263478502765
a90e2e9febf3d94d5b09a9817bc77142	d__Bacteria; p__Pseudomonadota; c__Gammaproteobacteria; o__Burkholderiales; f__Burkholderiaceae_A_595421; g__Pseudorhodoferax; s__Pseudorhodoferax aquiterrae	0.9933534280698015
a91d531c8f050bc6665806364c94dea4	d__Bacteria; p__Chloroflexota; c__Chloroflexia; o__Thermomicrobiales; f__; g__; s__	0.9999584362661158
a9454410e802cc1947522d106147b3bf	d__Bacteria; p__Pseudomonadota; c__Alphaproteobacteria; o__Rhodobacterales; f__Rhodobacteraceae; g__Paracoccus	0.939738583837842
aa0b00fe352e98ffeb2f83f88da919ef	d__Bacteria; p__Bacteroidota; c__Bacteroidia; o__Sphingobacteriales; f__Sphingobacteriaceae; g__Sphingobacterium	0.9996307207248786
aa1f8ab99b2306f545c5f5db2e398bd9	d__Bacteria; p__Bacteroidota; c__Bacteroidia; o__Flavobacteriales_B_877923; f__Crocinitomicaceae; g__40-80; s__40-80 sp001899145	0.9999997762597526
aa3d92f9aea4a4c4c43e19a80aa53577	d__Bacteria; p__Pseudomonadota; c__Alphaproteobacteria; o__Rhizobiales_505101; f__Beijerinckiaceae; g__Methylobacterium; s__Methylobacterium terricola	0.7021478984421592
aa60e9d043e04bd3d3c39a561b9cf737	d__Bacteria; p__Pseudomonadota; c__Alphaproteobacteria; o__Rhodobacterales; f__Rhodobacteraceae	0.9991283737110773
aa8a0d8527468853307454191518b81a	d__Bacteria; p__Bacteroidota; c__Bacteroidia; o__Sphingobacteriales; f__Sphingobacteriaceae; g__Sphingobacterium; s__Sphingobacterium wenxiniae	0.9999509650895372
aa9640375ef8e0ef404343bd2ed52edd	d__Bacteria; p__Bacillota_A_368345; c__Clostridia_258483; o__Peptostreptococcales; f__Peptostreptococcaceae_256921	0.9999999997285024
aac94087061d1f979c91c97399e4a884	d__Bacteria; p__Pseudomonadota; c__Gammaproteobacteria; o__Enterobacterales_737866; f__Shewanellaceae; g__Shewanella; s__Shewanella corallii	0.9848310122228492
aad6e66b6a948e6cd4366a35a5cd19f6	d__Bacteria; p__Bacillota_A_368345; c__Clostridia_258483; o__Lachnospirales; f__Cellulosilyticaceae; g__Cellulosilyticum; s__Cellulosilyticum ruminicola	0.9999997130970101
ab0c86a773414e6ed01ac6d5efb62975	d__Bacteria; p__Desulfobacterota_B; c__Binatia; o__Bin18; f__Bin18; g__JABFSC01; s__JABFSC01 sp009692435	0.9997106911069443
ab2fd7155169643a7b60356142234f83	d__Bacteria; p__Acidobacteriota; c__Vicinamibacteria; o__Vicinamibacterales; f__UBA2999; g__WHSN01; s__WHSN01 sp902826465	0.9341806682426917
ab3e41a56d154051c8cf6d7616cd9fa6	d__Bacteria; p__Bacillota_I; c__Bacilli_A; o__Bacillales_B_306087	0.9901435745472793
ab673b8546ab827a7239c171f711296c	d__Bacteria; p__Pseudomonadota; c__Alphaproteobacteria; o__Rhodobacterales; f__Rhodobacteraceae	0.9723387884010706
ab9cd359da5bb779c609d5f91f33d971	d__Bacteria; p__Bacillota_I; c__Bacilli_A; o__Lactobacillales; f__Lactobacillaceae; g__Lapidilactobacillus	0.9999554774536233
ac3717ffbb34280450f53358cbce09c6	d__Bacteria; p__Actinomycetota; c__Actinomycetes; o__Actinomycetales; f__Micrococcaceae; g__Arthrobacter_D	0.8891442692811831
ac582cf2e82dc6b4295a94880c212344	d__Bacteria; p__Actinomycetota; c__Thermoleophilia; o__Gaiellales; f__Gaiellaceae; g__Gaiella; s__Gaiella occulta	0.8446932062493959
ac5acf33a28f0ddb51df9321d2c9161a	d__Bacteria; p__Pseudomonadota; c__Alphaproteobacteria; o__Rhizobiales_505101; f__Rhizobiaceae	0.9999934639525228
acb17d7c1328105726fa592638b4c183	d__Bacteria; p__Bacillota_I; c__Bacilli_A; o__Paenibacillales; f__Paenibacillaceae_367444; g__Paenibacillus_T_364413; s__	0.8240379158790556
ace8c1cad3ffea6c2c4853d15b410059	d__Bacteria; p__Bacteroidota; c__Bacteroidia; o__Bacteroidales; f__Dysgonomonadaceae; g__Dysgonomonas; s__Dysgonomonas sp000711235	0.9637563651784525
acfcbf01f644eb6c4fdc1f4cf25bd41b	d__Bacteria; p__Bacillota_I; c__Bacilli_A; o__Lactobacillales; f__Aerococcaceae; g__Fundicoccus; s__Fundicoccus ignavus	0.9606542282358804
ad141d1f6d5391856e7403724c33797d	d__Bacteria; p__Bacillota_A_368345; c__Clostridia_258483; o__Clostridiales; f__Clostridiaceae_222000; g__Proteiniclasticum; s__Proteiniclasticum ruminis_A	0.9999856613070351
ad1666a09a0d9976efecfd2eec757411	d__Bacteria; p__Actinomycetota; c__Actinomycetes; o__Actinomycetales; f__Cellulomonadaceae; g__Populibacterium; s__Populibacterium corticicola	0.9996469376738637
ad1eb76f8571202cc186995a46075dbe	d__Bacteria; p__Pseudomonadota; c__Alphaproteobacteria; o__Sphingomonadales; f__Sphingomonadaceae_486827	0.9999617748604794
ade3ed0a715b29b08f1a0dafbd34b265	d__Bacteria; p__Actinomycetota; c__Actinomycetes; o__Actinomycetales; f__Micrococcaceae; g__Enteractinococcus; s__Enteractinococcus fodinae	0.8859493726704856
ae23f74b3a2de17419f059464a832c87	d__Bacteria; p__Actinomycetota; c__Actinomycetes; o__Actinomycetales	0.999926265369311
ae273347b474e69cb49235728eb39e5a	d__Bacteria; p__Pseudomonadota; c__Alphaproteobacteria; o__Rhodobacterales; f__Rhodobacteraceae; g__Poseidonocella_488769; s__	0.9999998986920441
ae31a895c0a1212c5da708e8356e0900	d__Bacteria; p__Bacillota_A_368345; c__Clostridia_258483; o__Clostridiales; f__Clostridiaceae_222000; g__Clostridium_J; s__Clostridium_J argentinense	0.7060055619891015
ae33b8b5f94e090ad2d2df5145583c6b	d__Bacteria; p__Bdellovibrionota_473306; c__Bdellovibrionia; o__Bdellovibrionales; f__Bdellovibrionaceae; g__Bdellovibrio; s__Bdellovibrio bacteriovorus_E	0.9999936576438034
ae614740509864ffce4a5216cf25c955	d__Bacteria; p__Bacillota_I; c__Bacilli_A; o__Bacillales_B_306087; f__DSM-1321; g__Peribacillus_A_301373	0.8582300358970492
ae85ab848c3c0569747a5cfb37c0a0d9	d__Bacteria; p__Bacillota_I; c__Bacilli_A; o__Bacillales_B_306089	0.7105594539706491
aec3ef338de77f1d12e045438424f869	d__Bacteria; p__Bacillota_I; c__Bacilli_A; o__Bacillales_D; f__Amphibacillaceae; g__Sinibacillus; s__	0.9999849917929884
af00a2c1c4e1272c607c814ece937eaa	d__Bacteria; p__Bacillota_A_368345; c__Clostridia_258483; o__Oscillospirales; f__CAG-382; g__SFLA01; s__	0.9999443679097083
af37f1ad0bf1e495b750429986ceae2c	d__Bacteria; p__Pseudomonadota; c__Alphaproteobacteria; o__Micavibrionales; f__Micavibrionaceae; g__UBA9664; s__UBA9664 sp002699085	0.9999999997837961
af53fd47d6c01fd0a2fc40afe2c5a700	d__Bacteria; p__Bacillota_I; c__Bacilli_A; o__Acholeplasmatales; f__; g__; s__	0.9999988347564791
b065389e998d8d974fa4432327cd3d65	d__Bacteria; p__Bacillota_A_368345; c__Clostridia_258483; o__Lachnospirales; f__Lachnospiraceae	0.9999999806526475
b0a78ca52dd6794c45a59f60f1ca34a3	d__Bacteria; p__Bacteroidota; c__Bacteroidia; o__Cytophagales_B; f__Spirosomataceae; g__Siphonobacter; s__Siphonobacter aquaeclarae	0.9999993216921182
b0efba7031acd76411b083fd2df9e258	d__Bacteria; p__Pseudomonadota; c__Gammaproteobacteria; o__Burkholderiales; f__Casimicrobiaceae; g__VBCG01; s__VBCG01 sp005881895	0.9996662627931401
b10da48f1e0bfb58c6c7b1ed50097087	d__Bacteria; p__Pseudomonadota; c__Gammaproteobacteria; o__Nevskiales; f__Nevskiaceae	0.9999991546828664
b10eeffe4b14bfbb96644eef58f89091	d__Bacteria; p__Pseudomonadota; c__Gammaproteobacteria; o__Burkholderiales; f__; g__; s__	0.9975132030725392
b1482a514189fc0acabca8f73b28de05	d__Bacteria; p__Bacillota_I; c__Bacilli_A; o__Paenibacillales; f__NBRC-103111	0.85753877075018
b150db9fd67f78def3e02052482162c4	d__Bacteria; p__Pseudomonadota; c__Alphaproteobacteria; o__Sphingomonadales; f__Sphingomonadaceae_486827	0.9999940826265749
b160b2386d4e0ece1315392f629f024e	d__Bacteria; p__Pseudomonadota; c__Alphaproteobacteria; o__Caulobacterales; f__Caulobacteraceae; g__Brevundimonas; s__Brevundimonas terrae	0.9495016049329835
b18ae7f7de2ae0bd260eb87a292a706d	d__Bacteria; p__Pseudomonadota; c__Gammaproteobacteria; o__Pseudomonadales_A_650612	0.8695753968720286
b1b3afa0624d544461829ad27d9caf4c	d__Bacteria; p__Actinomycetota; c__Actinomycetes; o__Actinomycetales; f__Actinomycetaceae; g__Oceanitalea_386196	0.9623449655504988
b1c099e6187c98fcc9fec5bccc1fcfbc	d__Bacteria; p__Acidobacteriota; c__Vicinamibacteria; o__Vicinamibacterales; f__UBA2999; g__; s__	0.9999745572437522
b2241eee23ec550a3f670261426c6ddb	d__Bacteria; p__Bacillota_A_368345; c__Clostridia_258483; o__Oscillospirales; f__Oscillospiraceae_88309; g__Oscillibacter; s__Oscillibacter ruminantium	0.9690137536820478
b268f9e322c80207282e9b668ba3ddf7	d__Bacteria; p__Bacillota_I; c__Bacilli_A; o__Lactobacillales; f__Lactobacillaceae; g__Pediococcus; s__Pediococcus parvulus	0.816263897057701
b27989b687fe949120707d580a898f40	d__Bacteria; p__Pseudomonadota; c__Alphaproteobacteria; o__Rhodobacterales; f__Rhodobacteraceae; g__Paenirhodobacter_493297; s__Paenirhodobacter populi	0.9614253508338803
b2a036d74c30ac0366b5458f47b204de	d__Bacteria; p__Deinococcota; c__Deinococci; o__Deinococcales; f__Trueperaceae; g__; s__	0.9030593658131757
b2b45bdf4286c0e1524b554a8cecc8f8	d__Bacteria; p__Myxococcota_A_473307; c__Bradymonadia; o__REDH01; f__REDH01; g__REDH01; s__REDH01 sp007693585	0.9845670704139249
b2f25dd908e190cf8a3662c6489fd056	d__Bacteria; p__Bacillota_I; c__Bacilli_A; o__Bacillales_D; f__Amphibacillaceae	0.99320457985351
b2f42c32414855b563013f22785f5473	d__Bacteria; p__Actinomycetota; c__Actinomycetes; o__Actinomycetales; f__Microbacteriaceae	0.9999404751316514
b32880a3e747da396781ccfc7c582fe0	d__Bacteria; p__Bacteroidota; c__Bacteroidia; o__Sphingobacteriales; f__Sphingobacteriaceae; g__Sphingobacterium	0.9999999853153764
b328f7f7fbe96f12b0475fda61bb9019	d__Bacteria; p__Bacillota_I; c__Bacilli_A; o__Bacillales_B_306087; f__Bacillaceae_C_302577	0.9935464665829293
b3391eb6fd310e0e7cf1cf2bf849d672	d__Bacteria; p__Pseudomonadota; c__Gammaproteobacteria; o__Xanthomonadales; f__Xanthomonadaceae; g__Stenotrophomonas_A_615274; s__Stenotrophomonas_A_615274 koreensis	0.9991454412998736
b39c338f5e964b6cb87e07f10badc6c4	d__Bacteria; p__Bacillota_I; c__Bacilli_A; o__Lactobacillales; f__Streptococcaceae; g__Lactococcus_A_346120	0.9756665241743001
b3a529cba8f35f0ffb6c186138d7c106	d__Bacteria; p__Bacillota_A_368345; c__Clostridia_258483; o__Lachnospirales; f__Lachnospiraceae; g__KM106-2; s__KM106-2 sp009731425	0.9522116237903531
b3b6a79b24dfe479adb45d7f4ce7263b	d__Bacteria; p__Pseudomonadota; c__Gammaproteobacteria; o__Burkholderiales; f__Burkholderiaceae_A_595421	0.9999996306892807
b40e445e1ad7edc719d9c2c850533e7c	d__Bacteria; p__Actinomycetota; c__Actinomycetes; o__Propionibacteriales; f__Nocardioidaceae; g__Nocardioides_A_392796	0.9569169039669732
b433a0a04291b7b0392acff4838aed20	d__Bacteria; p__Verrucomicrobiota; c__Lentisphaeria; o__Victivallales; f__Victivallaceae; g__Victivallis; s__Victivallis vadensis	0.9999853039540764
b472f6344edb330128a8699d86057f72	d__Bacteria; p__Bacillota_I; c__Bacilli_A; o__Bacillales_A; f__Planococcaceae; g__Ureibacillus; s__Lysinibacillus alkaliphilus	0.8713532913597699
b4a4c8c69899b635df64c5b7611bf2a5	d__Bacteria; p__Actinomycetota; c__Actinomycetes; o__Actinomycetales; f__Actinomycetaceae; g__Scrofimicrobium; s__	0.9999572692223874
b4b5e4c5ea0fd998776194112a13f608	d__Bacteria; p__Planctomycetota; c__Planctomycetia; o__Isosphaerales; f__Isosphaeraceae; g__Tautonia	0.9366080000577679
b4c9bc9315d2331ee859d99151ef4b46	d__Bacteria; p__Pseudomonadota; c__Gammaproteobacteria; o__Burkholderiales; f__Burkholderiaceae_A_593909; g__Achromobacter	0.8206494408687958
b4d0a8c080f8159e373a380fc535d921	d__Bacteria; p__Pseudomonadota; c__Gammaproteobacteria; o__Pseudomonadales_A_650611; f__Pseudomonadaceae; g__Pseudomonas_E_647464	0.999995657037422
b521bcb89e49a7358d6d16175c08235e	d__Bacteria; p__Bacillota_I; c__Bacilli_A; o__Bacillales_D; f__Amphibacillaceae; g__Oceanobacillus_287537; s__Oceanobacillus indicireducens	0.8389652536783218
b59a125fbf81dfa50b96ebe9459f8a3a	d__Bacteria; p__Chloroflexota; c__Chloroflexia; o__Thermomicrobiales; f__; g__; s__	0.9999972949203974
b60774f1db044544c1cf6ad093c799ea	d__Bacteria; p__Actinomycetota; c__Actinomycetes; o__Actinomycetales; f__Cellulomonadaceae; g__Actinotalea	0.8273972704442195
b60a11c498cba07f1e512a50b226c099	d__Bacteria; p__Bacillota_I; c__Bacilli_A; o__Bacillales_A; f__Planococcaceae; g__Savagea; s__Savagea faecisuis	0.9992731757011594
b61e0bedc6fd924828a60f99cddd2406	d__Bacteria; p__Bacillota_I; c__Bacilli_A; o__Paenibacillales; f__Paenibacillaceae_367444; g__Paenibacillus_A; s__	0.9931606095622246
b62b90085b2e6e8e713822cad331a122	d__Bacteria; p__Bacillota_I; c__Bacilli_A; o__Lactobacillales; f__Aerococcaceae; g__Globicatella; s__Globicatella sulfidifaciens	0.8830507481753546
b66ac5b83c6e3341b71a48c2c0d605cd	d__Bacteria; p__Bacillota_I; c__Bacilli_A; o__RFN20; f__CAG-826; g__UBA1361	0.9999993132050933
b678127e6256602537c7cc0ec808949a	d__Bacteria; p__Bacteroidota; c__Bacteroidia; o__Sphingobacteriales; f__Sphingobacteriaceae	0.9999999569659126
b68fdf7f908fa00686239e4e09c4937f	d__Bacteria; p__Bdellovibrionota_473306; c__Bdellovibrionia; o__Bdellovibrionales; f__SG-bin7; g__SG-bin7; s__SG-bin7 sp002083485	0.949670291378602
b6b886ab58b5bc81f70cc0ea426a66e5	d__Bacteria; p__Actinomycetota; c__Actinomycetes; o__Actinomycetales; f__Beutenbergiaceae; g__Miniimonas; s__Miniimonas arenae	0.907704395503214
b6c3298eac9673c2b25e2a81749773e2	d__Bacteria; p__Bacillota_I; c__Bacilli_A; o__Paenibacillales; f__NBRC-103111	0.9859461183913306
b6cdf39ada704bba065b959aa667870e	d__Bacteria; p__Bacillota_A_368345; c__Clostridia_258483; o__Lachnospirales	0.8823627268326755
b6ee05b57f5e98dc2bad794bcbfa9906	d__Bacteria; p__Bacteroidota; c__Bacteroidia; o__Sphingobacteriales; f__Sphingobacteriaceae	0.9999824379663573
b7308c7b4d6e8aede90e19fe87c675cf	d__Bacteria; p__Myxococcota_A_473307; c__UBA9160; o__UBA9160; f__PR03; g__CAADGG01; s__CAADGG01 sp900696485	0.8717636247781994
b752febfdb73bceaf6ddb2255f86172e	d__Bacteria; p__Fibrobacterota; c__Fibrobacteria; o__Fibrobacterales; f__Fibrobacteraceae; g__; s__	0.9999999279297809
b75aef32db0bad4b5a1c0910fe695b74	d__Bacteria; p__Bacillota_A_368345; c__Clostridia_258483; o__Lachnospirales; f__Lachnospiraceae; g__Blautia_A_142742; s__Blautia_A_142742 liquoris	0.9999933294041711
b789e85ed8f124b46035a7dc619c9115	d__Bacteria; p__Bacillota_A_368345; c__Clostridia_258483; o__Christensenellales; f__Aristaeellaceae; g__SFMI01; s__SFMI01 sp004556155	0.9273921440801345
b7c98a016051abbbc602fa6163280ef8	d__Bacteria; p__Bacillota_A_368345; c__Clostridia_258483; o__Tissierellales; f__Peptoniphilaceae; g__Anaerococcus; s__Anaerococcus octavius	0.9999980176057089
b7f077c3a545e82b30ee94bec80e3ac8	d__Bacteria; p__Pseudomonadota; c__Gammaproteobacteria; o__Burkholderiales; f__Burkholderiaceae_A_595419; g__; s__	0.9999879802372689
b80b982af73942eca1aa1d46ae9e2657	d__Bacteria; p__Actinomycetota; c__Actinomycetes; o__Actinomycetales; f__Microbacteriaceae; g__Leucobacter	0.9984816602015988
b846a56bf7d1b2e0c7011fe0009eaee5	d__Bacteria; p__Fusobacteriota; c__Fusobacteriia; o__Fusobacteriales; f__Fusobacteriaceae; g__Fusobacterium_A; s__	0.9982785278879893
b84812376c6f0551776baf3470d7c629	d__Bacteria; p__Bacillota_I; c__Bacilli_A; o__Paenibacillales; f__Paenibacillaceae_367444; g__Paenibacillus_T_364413; s__Paenibacillus_T_364413 populi	0.7595244512922865
b89c5f038aca8056801c684ea692d958	d__Bacteria; p__Bacillota_I; c__Bacilli_A; o__Lactobacillales; f__Lactobacillaceae; g__Pediococcus; s__Pediococcus parvulus	0.7446797285053046
b8ef01c2cc1e149a129f0d54552a9031	d__Bacteria; p__Actinomycetota; c__Thermoleophilia; o__Gaiellales; f__Gaiellaceae; g__Palsa-739; s__Palsa-739 sp003139545	0.8051591395990463
b8fd67d56b49422807b7d5e7b3c3ee78	d__Bacteria; p__Bacillota_I; c__Bacilli_A; o__Acholeplasmatales; f__Acholeplasmataceae; g__Acholeplasma_284669; s__Acholeplasma cavigenitalium	0.9999996431329163
b8fda52495b416ad9ac18dc27d86c9cc	d__Bacteria; p__Pseudomonadota; c__Alphaproteobacteria; o__Sphingomonadales; f__Sphingomonadaceae_486827; g__Sandarakinorhabdus_486812; s__Sandarakinorhabdus cyanobacteriorum	0.9906671794236491
b90285b986c2327adc32927ca337c2e1	d__Bacteria; p__Bacillota_I; c__Bacilli_A; o__Bacillales_A; f__Planococcaceae; g__Sporosarcina; s__	0.9851625980884529
b928d8624233b01c7ad8a826abf06e23	d__Bacteria; p__Bacillota_I; c__Bacilli_A; o__Paenibacillales; f__NBRC-103111	0.7700490329833825
b9e3ff8e06fa231c02a29d5472ee6916	d__Bacteria; p__Bacillota_I; c__Bacilli_A; o__Acholeplasmatales; f__Acholeplasmataceae	0.9686195929131679
ba245aec4f7805a32ca2618fc705de21	d__Bacteria; p__Actinomycetota; c__Actinomycetes; o__Actinomycetales; f__Microbacteriaceae; g__Gulosibacter; s__Gulosibacter chungangensis	0.7347730699788477
ba65de55d6b7c35fdd76ba9fd5eba10c	d__Bacteria; p__Bacillota_I; c__Bacilli_A; o__Paenibacillales; f__Paenibacillaceae_367474; g__Ammoniibacillus; s__	0.9999997812270562
ba835698c6ee025c31857d660eaadf4b	d__Bacteria; p__Bacillota_I; c__Bacilli_A; o__Bacillales_B_306087; f__DSM-18226_301387	0.7987166806097238
ba8c1c53394b7450684d301ae379ded8	d__Bacteria; p__Pseudomonadota; c__Alphaproteobacteria; o__Rhizobiales_505101; f__Rhizobiaceae	0.9890907862338442
ba9e62f4a4505d20ab711241fe25315f	d__Bacteria; p__Actinomycetota; c__Actinomycetes; o__Mycobacteriales; f__Pseudonocardiaceae; g__Pseudonocardia	0.997846902484758
ba9f3c29ec7338def2f282f116a1f373	d__Bacteria; p__Planctomycetota; c__Planctomycetia; o__Gemmatales; f__Gemmataceae; g__Urbifossiella; s__Urbifossiella sp003136315	0.9922899777844697
bab6543dcdc2b3c94e236321022d4d71	d__Bacteria; p__Actinomycetota; c__Actinomycetes; o__Propionibacteriales; f__Nocardioidaceae; g__Nocardioides_A_392796	0.9931042115087395
bae515f7fa5fc323a397dd7e7e7b581b	d__Bacteria; p__Actinomycetota; c__Actinomycetes; o__Mycobacteriales; f__Pseudonocardiaceae; g__Actinopolyspora	0.9506259173866816
bafebc9afe83b30dec4ec983e9756522	d__Bacteria; p__Bacillota_C; c__Negativicutes	0.9999969156900392
bb21cf70594b50fff63669b576ca18c1	d__Bacteria; p__Bacillota_I; c__Bacilli_A; o__Lactobacillales; f__Enterococcaceae	0.9863682697849726
bb2873e380ad4fa53862b2f158927a05	d__Bacteria; p__Bacteroidota; c__Bacteroidia; o__Flavobacteriales_B_877923; f__Crocinitomicaceae; g__40-80; s__40-80 sp001899145	0.9999963259078436
bb471522dd47ce38a2d6587c19a4c958	d__Bacteria; p__Bacillota_A_368345; c__Clostridia_258483; o__Tissierellales; f__Tissierellaceae; g__Tissierella_B_224123; s__Tissierella_B_224123 praeacuta	0.9833922088214665
bb73028b81b132aa66c9dcee1680e3ba	d__Bacteria; p__Bacillota_I; c__Bacilli_A; o__Acholeplasmatales; f__Acholeplasmataceae; g__Alteracholeplasma; s__Alteracholeplasma palmae	0.9823824909251136
bb7df0439db432b153589f29be57bf99	d__Bacteria; p__Pseudomonadota; c__Alphaproteobacteria; o__Caulobacterales; f__Caulobacteraceae; g__Brevundimonas; s__Brevundimonas terrae	0.8000475963862491
bb96f7bef46bf603b0406dd080d259dc	d__Bacteria; p__Bacillota_A_368345; c__Clostridia_258483; o__Lachnospirales; f__Lachnospiraceae	0.9999985689085332
bbe965c06dd901f1f77b328e877e01bd	d__Bacteria; p__Bdellovibrionota_473306; c__UBA1018; o__UBA1018; f__UBA923; g__UBA923; s__UBA923 sp002387735	0.999999999194884
bbf57830001509567a02843976b81e52	d__Bacteria; p__Pseudomonadota; c__Gammaproteobacteria; o__Burkholderiales; f__Burkholderiaceae_A_594799; g__Pusillimonas_A	0.9806107533953106
bc9bea2350416b5291f1347c6c7a8363	d__Bacteria; p__Pseudomonadota; c__Alphaproteobacteria; o__ATCC43930_507253; f__Stellaceae_507253; g__Constrictibacter; s__Constrictibacter antarcticus	0.9997680210169537
bc9c139092dcedb03a82fc5b19ee3368	d__Bacteria; p__Cyanobacteriota; c__Cyanobacteriia; o__Cyanobacteriales	0.9995818321656018
bcd38ead6a5bb2ca54818c91a3b1186f	d__Bacteria; p__Actinomycetota; c__Actinomycetes; o__Actinomycetales; f__Microbacteriaceae	0.9999542183104335
bd21c1c16e2af4c6e97bce361666024b	d__Bacteria; p__Bacillota_I; c__Bacilli_A; o__Paenibacillales; f__NBRC-103111	0.9710761276804057
bd2ebc70501f7d867c204f94c4e483da	d__Bacteria; p__Bacillota_I; c__Bacilli_A; o__Lactobacillales; f__Streptococcaceae; g__Streptococcus	0.999999999977893
bd3f044c90e2d208668a482defeb63fa	d__Bacteria; p__Pseudomonadota; c__Gammaproteobacteria; o__Burkholderiales; f__Burkholderiaceae_A_595421; g__Lampropedia; s__Corticibacter populi	0.9928278425437433
bd465698358b623000238aaed1cd9f48	d__Bacteria; p__Bacillota_A_368345; c__Clostridia_258483; o__Lachnospirales; f__Lachnospiraceae; g__Anaerocolumna	0.9998309276915472
bdcb5a823e0bebe5a6cff552892b2d71	d__Bacteria; p__Pseudomonadota; c__Alphaproteobacteria; o__Rhizobiales_505101; f__Devosiaceae; g__Pelagibacterium	0.9680089065296865
bdfdc0ace831e736f6084d490c965fdd	d__Bacteria; p__Bacillota_A_368345; c__Clostridia_258483; o__Lachnospirales; f__Lachnospiraceae; g__Lacrimispora	0.9760893240931433
be007e85a8ac32ee2f8b3582661e1bf6	d__Bacteria; p__Pseudomonadota; c__Alphaproteobacteria; o__Rhizobiales_505101; f__Devosiaceae; g__Pelagibacterium; s__Pelagibacterium lacus	0.8226664531177472
be4c8f9f36811a075a168af755b89311	d__Bacteria; p__Actinomycetota; c__Acidimicrobiia_401430; o__Acidimicrobiales	0.9538663118152748
be6882b70b9577f6ec45b9e81884bcf8	d__Bacteria; p__Bacillota_I; c__Bacilli_A; o__Bacillales_D; f__Amphibacillaceae; g__Oceanobacillus_287537	0.7004264611932551
be96c710b0d2d3a4bcc5c8dfa93ccce4	d__Bacteria; p__Bacillota_A_368345; c__Clostridia_258483; o__Clostridiales; f__Caloramatoraceae; g__Clostridium_AB; s__Clostridium_AB cylindrosporum	0.7095085615437906
be9b6a079c3825e2b72dded4ab1174e6	d__Bacteria; p__Bacillota_I; c__Bacilli_A; o__Paenibacillales; f__Paenibacillaceae_367444; g__Paenibacillus_J_366884; s__Paenibacillus_J_366884 lautus	0.9784525968466212
bf728da946032b5b07715ab8cfdd1ba9	d__Bacteria; p__Bacillota_A_368345; c__Clostridia_258483; o__Oscillospirales; f__Acutalibacteraceae; g__Scatolibacter; s__Scatolibacter rhodanostii	0.9420243006210396
bf9637d8f2d4857774bd4154e06fcc16	d__Bacteria; p__Bacillota_A_368345; c__Clostridia_258483; o__Lachnospirales; f__Anaerotignaceae; g__Anaerotignum_189125; s__Anaerotignum propionicum	0.8664289482579769
bf981d491f31ae07e725d9af65538c34	d__Bacteria; p__Pseudomonadota; c__Alphaproteobacteria; o__Rhizobiales_505101; f__Xanthobacteraceae; g__Variibacter; s__	0.7736178080240257
bfe0fd1c0eb02e82dbdc9f4ac438127a	d__Bacteria; p__Bacillota_I; c__Bacilli_A; o__Bacillales_D; f__Amphibacillaceae; g__Terribacillus; s__Terribacillus aidingensis	0.7105010004163316
bfe54af4c9180d37a0d76f6dafe79a5a	d__Bacteria; p__Pseudomonadota; c__Gammaproteobacteria; o__Enterobacterales_737866; f__Enterobacteriaceae_A_725029	0.9742878537457423
c08046abc1927f2b854c1ceea9781633	d__Bacteria; p__Bacillota_A_368345; c__Clostridia_258483; o__Lachnospirales; f__Cellulosilyticaceae; g__Cellulosilyticum; s__Cellulosilyticum lentocellum	0.8206347842458581
c1320e9d7783ea6070ddeee15360be43	d__Bacteria; p__Myxococcota_A_473307; c__Bradymonadia; o__REDH01; f__REDH01; g__REDH01; s__REDH01 sp007693585	0.9466135840908488
c137247724b91c0f995fa255a3495d15	d__Bacteria; p__Bacillota_I; c__Bacilli_A; o__Bacillales_D; f__Amphibacillaceae; g__Virgibacillus_B_287557; s__Virgibacillus_B_287557 alimentarius	0.7769747227777911
c15352f9926665d554bd5bf0a7d3bb99	d__Bacteria; p__Bacillota_A_368345; c__Clostridia_258483; o__Oscillospirales; f__Oscillospiraceae_88309	0.9999951053686122
c1a63ce0a19915806ee56126fee64e85	d__Bacteria; p__Pseudomonadota; c__Gammaproteobacteria; o__Pseudomonadales_A_650611; f__Pseudomonadaceae; g__Thiopseudomonas; s__Thiopseudomonas alkaliphila	0.9999976935586996
c21bc9405c471ef66a0f64fd99416cc3	d__Bacteria; p__Pseudomonadota; c__Gammaproteobacteria; o__Pseudomonadales_A_650612; f__Pseudohongiellaceae; g__; s__	0.9985078939272247
c270aa33981c6b840f9f834d5cbc3be9	d__Bacteria; p__Bacillota_I; c__Bacilli_A; o__Paenibacillales; f__Paenibacillaceae_367444; g__Paenibacillus_T_364413; s__	0.7063975015484271
c29ad8b5ce7552862bcbdcb9915805aa	d__Bacteria; p__Actinomycetota; c__Actinomycetes; o__Actinomycetales; f__Micrococcaceae; g__Glutamicibacter	0.945813462123811
c2c942bf269512e5352ba25fcae3f1f8	d__Bacteria; p__Bacteroidota; c__Bacteroidia; o__Sphingobacteriales; f__Sphingobacteriaceae; g__Pelobium_887411; s__Pelobium manganitolerans	0.9039140826990193
c2cf94c70e49c65b29f5eacf29029831	d__Bacteria; p__Pseudomonadota; c__Alphaproteobacteria; o__Rhizobiales_505101; f__Rhizobiaceae	0.9999981338691335
c35fce23bf0c16f23b22c3b38d61ee57	d__Bacteria; p__Bacillota_A_368345; c__Clostridia_258483; o__Lachnospirales; f__Lachnospiraceae; g__Lachnoclostridium_A_184689	0.7764012738760186
c360a7e1096c42329a5275f02974e44e	d__Bacteria; p__Actinomycetota; c__Actinomycetes; o__Actinomycetales; f__Dermabacteraceae; g__Brachybacterium	0.9999994301517782
c3681aadfae08523d9649960cfb0e36c	d__Bacteria; p__Bacteroidota; c__Bacteroidia; o__Flavobacteriales_B_877923; f__Flavobacteriaceae; g__Flavobacterium; s__Myroides odoratus	0.906272699304668
c3942ab30c442457767e490f2bb716e3	d__Bacteria; p__Bacillota_I; c__Bacilli_A; o__Paenibacillales; f__Paenibacillaceae_367444; g__Paenibacillus_J_366884	0.9998511547960349
c3b153bdcbcbc594c78f50e103ff2b2d	d__Bacteria; p__Bacillota_I; c__Bacilli_A; o__Lactobacillales; f__Lactobacillaceae; g__Schleiferilactobacillus; s__Schleiferilactobacillus harbinensis	0.9201374199068882
c3b3287f64953216402078a97108de76	d__Bacteria; p__Planctomycetota; c__Planctomycetia; o__Pirellulales; f__Pirellulaceae; g__Roseimaritima; s__Roseimaritima sediminicola	0.8164495397945291
c3f865dbad00e24cc4596ea77881762f	d__Bacteria; p__Planctomycetota; c__Planctomycetia; o__Isosphaerales; f__Isosphaeraceae; g__Aquisphaera	0.8262789283458223
c40c3276eb0e6f62fb0861b87a4bd863	d__Bacteria; p__Pseudomonadota; c__Gammaproteobacteria; o__Burkholderiales	0.9999999999999275
c444528436033437e8b90943a0b6a59d	d__Bacteria; p__Actinomycetota; c__Actinomycetes; o__Actinomycetales; f__Cellulomonadaceae; g__Rarobacter; s__Rarobacter sp900188465	0.9670993434670321
c44817754db79eb247f29890e4bb8146	d__Bacteria; p__Pseudomonadota; c__Gammaproteobacteria; o__Pseudomonadales_A_660879; f__Moraxellaceae; g__Acinetobacter; s__Acinetobacter variabilis	0.939672923320383
c4d6aa0c2a2f570ddefdc0f577e7a621	d__Bacteria; p__Bacillota_A_368345; c__Clostridia_258483; o__Tissierellales; f__Peptoniphilaceae; g__Anaerococcus	0.9999772055759214
c4e689aed6781e36df13ca5119eec18b	d__Bacteria; p__Bacillota_I; c__Bacilli_A; o__Bacillales_D; f__Amphibacillaceae; g__Lentibacillus_A; s__	0.9999743622848999
c55921c345b9ecb6218606ccb7b737da	d__Bacteria; p__Pseudomonadota; c__Gammaproteobacteria; o__Burkholderiales; f__Burkholderiaceae_A_595421; g__Comamonas_F_589250	0.9985177434329153
c5801e5e6932f8bb205dc0eb3ed9b44d	d__Bacteria; p__Bacteroidota; c__Bacteroidia; o__Sphingobacteriales; f__Sphingobacteriaceae; g__Sphingobacterium; s__Sphingobacterium micropteri	0.7253535183649062
c5a2fdb92a1874b1195b982530bf864e	d__Bacteria; p__Chloroflexota; c__Chloroflexia; o__Chloroflexales; f__Chloroflexaceae; g__JAAUTF01; s__JAAUTF01 sp012031775	0.9677977925753146
c5b4d80893515e583b4d5f58538fd513	d__Bacteria; p__Pseudomonadota; c__Gammaproteobacteria; o__Xanthomonadales; f__Xanthomonadaceae; g__Xanthomonas_B	0.9926654132939469
c5e58e5eee15eb669052410c6372cad0	d__Bacteria; p__Bacillota_A_368345; c__Clostridia_258483; o__Oscillospirales; f__Ruminococcaceae	0.9901880002082631
c5fee472463d78cdbd81aceaa4348bbd	d__Bacteria; p__Bacillota_A_368345; c__Clostridia_258483; o__Lachnospirales; f__Cellulosilyticaceae; g__Cellulosilyticum; s__Cellulosilyticum ruminicola	0.9999999998582894
c680fa80f069a5774caf4155a5b83f44	d__Bacteria; p__Bacillota_I; c__Bacilli_A; o__Bacillales_B_306087; f__DSM-1321	0.7241263955979541
c6943bfc0f94da0955330c258096040a	d__Bacteria; p__Actinomycetota; c__Actinomycetes; o__Mycobacteriales; f__Mycobacteriaceae; g__Rhodococcus_376336	0.9998959565095097
c6daec9dba6a7f5bc17ffcad32268adf	d__Bacteria; p__Actinomycetota; c__Actinomycetes; o__Actinomycetales; f__Actinomycetaceae; g__Scrofimicrobium	0.9950229345112436
c73ac2869a52f72270a7c525a5da9125	d__Bacteria; p__Bacillota_G; c__UBA4882; o__UBA10575; f__UBA10575; g__Capillibacterium; s__Capillibacterium thermochitinicola	0.9903951230896034
c76c935109c28fabcb2e124454660259	d__Bacteria; p__Pseudomonadota; c__Gammaproteobacteria; o__Burkholderiales; f__Rhodocyclaceae; g__Aromatoleum	0.9819827284683488
c809cf70253ad166110d54e627215214	d__Bacteria; p__Actinomycetota; c__Actinomycetes; o__Actinomycetales; f__Microbacteriaceae; g__Microbacterium_A_383321	0.9487574289241991
c8480bbb3c7554da0cbc59d6ce4c18fc	d__Bacteria; p__Bacillota_I; c__Bacilli_A; o__Bacillales_A; f__Planococcaceae; g__Ureibacillus; s__	0.9707035936445215
c873bad5d2597eba8eca499604b611ac	d__Bacteria; p__Bdellovibrionota_473306; c__Bacteriovoracia; o__Bacteriovoracales; f__Bacteriovoracaceae	0.9999999992338101
c881cf46c3c332713f8c09336e41cab0	d__Bacteria; p__Bacillota_I; c__Bacilli_A; o__ML615J-28; f__CAG-698; g__UBA2253; s__UBA2253 sp002068415	0.9979040630004108
c8894be2fd812700f141694c8732ab0e	d__Bacteria; p__Bacteroidota; c__Bacteroidia; o__Bacteroidales; f__Tannerellaceae; g__Macellibacteroides; s__Macellibacteroides fermentans	0.9999999998763087
c896cb40f6f2735b5fb9267fb5dd3b73	d__Bacteria; p__Actinomycetota; c__Actinomycetes; o__Actinomycetales; f__Microbacteriaceae; g__Leucobacter	0.9464412763276545
c8c88ce9af1121eda1db7b74489c08cf	d__Bacteria; p__Pseudomonadota; c__Alphaproteobacteria; o__Rickettsiales_A; f__Rickettsiaceae; g__; s__	0.9999235714251412
c8cd6b3dfda3eb1774c262093aa6acb0	d__Bacteria; p__Bacillota_I; c__Bacilli_A; o__Lactobacillales	0.9999993175220647
c8cdf196b7aaf40b3c2373afdb0b9ae3	d__Bacteria; p__Bacillota_I; c__Bacilli_A; o__Paenibacillales; f__YIM-B00363; g__Paenibacillus_AE; s__Paenibacillus_AE antri	0.9959008085161508
c917cadde3c0700825361e86ad237d84	d__Bacteria; p__Bacillota_I; c__Bacilli_A; o__Bacillales_D; f__Amphibacillaceae; g__Oceanobacillus_287537; s__Compostibacillus humi	0.9966464344010139
c950846150e92b59f7b0629afe0c0060	d__Bacteria; p__Bacillota_A_368345; c__Clostridia_258483; o__Peptostreptococcales; f__Peptostreptococcaceae_256921	0.9999999999917915
c95ae406e809bf890d9c57ac747a1904	d__Bacteria; p__Actinomycetota; c__Actinomycetes; o__Actinomycetales; f__Dermatophilaceae; g__Phycicoccus_A_390428	0.92368565877507
c969ad8cc3887840a7acb175c6815ec5	d__Bacteria; p__Bacteroidota; c__Bacteroidia; o__Flavobacteriales_B_877923; f__Flavobacteriaceae; g__Aequorivita; s__Aequorivita viscosa	0.9999999820271628
c981a3e4e985f3619b3b6c206031d85e	d__Bacteria; p__Bacillota_A_368345; c__Clostridia_258483; o__Lachnospirales; f__Lachnospiraceae; g__Lachnotalea; s__	0.9970761812780454
c99289ec2adeb11d6b07457953924007	d__Bacteria; p__Bacteroidota; c__Bacteroidia; o__Sphingobacteriales; f__Sphingobacteriaceae; g__Sphingobacterium; s__Sphingobacterium phlebotomi	0.7024048798235715
c9b5ff913f1ba2aebcc89a460fa51096	d__Bacteria; p__Pseudomonadota; c__Gammaproteobacteria; o__Pseudomonadales_A_650611; f__Pseudomonadaceae; g__Pseudomonas_E_650227; s__Pseudomonas_E_650227 peli	0.9864390181579606
c9f9f76fa52f0f2a96bbaf742594bdf6	d__Bacteria; p__Bacillota_I; c__Bacilli_A; o__Bacillales_A; f__Planococcaceae; g__Metalysinibacillus	0.9809455555993798
c9fd53f2525306c14659a360095ae466	d__Bacteria; p__Pseudomonadota; c__Alphaproteobacteria; o__Rhizobiales_505101; f__Devosiaceae; g__Devosia_A_502124; s__	0.8327021618171121
ca2da04352529547b6e16270b46c531e	d__Bacteria; p__Pseudomonadota; c__Gammaproteobacteria; o__Cardiobacteriales; f__Wohlfahrtiimonadaceae; g__Wohlfahrtiimonas; s__Wohlfahrtiimonas chitiniclastica	0.8077091769689898
ca44f475f63ff4936a124be19c683b43	d__Bacteria; p__Pseudomonadota; c__Alphaproteobacteria; o__Caulobacterales; f__Caulobacteraceae; g__Brevundimonas	0.9999990953776119
cad4e11393fe489023ae6a9724d6894d	d__Bacteria; p__Bacillota_A_368345; c__Clostridia_258483; o__Clostridiales; f__Clostridiaceae_222000; g__Clostridium_T; s__Clostridium_T neonatale	0.9999053258052241
cafacf08c351435a7abc2c698c763456	d__Archaea; p__Methanobacteriota_A_1229; c__Methanobacteria; o__Methanobacteriales; f__Methanobacteriaceae; g__Methanobrevibacter_A	0.9999999976131285
cb5596b3f77d0e3a0865369dffee1e92	d__Bacteria; p__Actinomycetota; c__Actinomycetes; o__Actinomycetales; f__Microbacteriaceae; g__Leucobacter; s__Leucobacter aridicollis	0.7251383682454585
cb698f9596c501208f49bf25fbd781e4	d__Bacteria; p__Actinomycetota; c__Actinomycetes; o__Mycobacteriales; f__Mycobacteriaceae; g__Gordonia_B_376796	0.9980231107446833
cb6efbc628203c54f1b39ca30b97cb20	d__Bacteria; p__Pseudomonadota; c__Alphaproteobacteria; o__Rhodobacterales; f__Rhodobacteraceae	0.9988919264662479
cb95fe1c3a182358182b7ec890d690b4	d__Bacteria; p__Bacteroidota; c__Bacteroidia; o__Sphingobacteriales; f__Sphingobacteriaceae	0.9999999553259402
cc87badf7fce338d0030ea9f58232f02	d__Bacteria; p__Chloroflexota; c__Chloroflexia; o__Thermomicrobiales; f__; g__; s__	0.9999961820066672
cccf5b5cc45509502b2e2d6c260b52a4	d__Bacteria; p__Pseudomonadota; c__Gammaproteobacteria; o__Burkholderiales; f__Burkholderiaceae_A_595421	0.9999999793503145
cd22c58c4ea4679bd9c39283fbfd8288	d__Bacteria; p__Pseudomonadota; c__Alphaproteobacteria	0.7007542057404708
cd59af8c006a1ce0564afed368788130	d__Bacteria; p__Actinomycetota; c__Actinomycetes; o__Streptomycetales_400645; f__Streptomycetaceae_400641; g__Streptomyces_400150	0.9982662605253958
cd6c333cef323246c6db7214d8e5f4c6	d__Bacteria; p__Bacillota_A_368345; c__Clostridia_258483; o__Lachnospirales; f__Cellulosilyticaceae; g__Cellulosilyticum; s__Cellulosilyticum ruminicola	0.9975458490236728
cd783d430b42b7ffe9da95d7a5e0dbfc	d__Bacteria; p__Actinomycetota; c__Actinomycetes; o__Actinomycetales; f__Micrococcaceae; g__Enteractinococcus; s__Enteractinococcus coprophilus	0.9541528500745287
cd7902b2141ac46ece63ab9ac219a72c	d__Bacteria; p__Bacteroidota; c__Bacteroidia; o__Flavobacteriales_B_877923; f__Crocinitomicaceae; g__40-80; s__40-80 sp001899145	0.9999975550028969
cda4e6f933bb3108ea3e92f9db411c00	d__Bacteria; p__Bacillota_I; c__Bacilli_A; o__Staphylococcales; f__Gemellaceae; g__Gemella	0.9999999336556777
cdd8dc39347bce42b45de1d65b5fb395	d__Bacteria; p__Acidobacteriota; c__Vicinamibacteria; o__Vicinamibacterales; f__UBA2999; g__WHSN01; s__	0.9351258563074613
cde596f637c66aaa66153d5b480fea5b	d__Bacteria; p__Pseudomonadota; c__Gammaproteobacteria; o__Pseudomonadales_A_660879; f__Moraxellaceae; g__Acinetobacter	0.9999994492098828
cdf35eada7c0f9abc80582aff6fa31f6	d__Bacteria; p__Bacillota_A_368345; c__Clostridia_258483; o__Tissierellales; f__Tissierellaceae; g__Tissierella_A; s__	0.889648963599468
cdf3ee1fc7965579ba2519e0aac9e311	d__Bacteria; p__Bacillota_I; c__Bacilli_A; o__Bacillales_B_306087; f__Bacillaceae_C_302577; g__Lederbergia_A_302195; s__Lederbergia_A_302195 graminis	0.9994685653805565
ce266fadb4a5c2a9148bc2186150e738	d__Bacteria; p__Bacteroidota; c__Bacteroidia; o__Flavobacteriales_B_877923; f__Flavobacteriaceae; g__Flavobacterium; s__Flavobacterium odoratimimum	0.9995241821004395
ce89a951354963ed9e11571441c832f5	d__Bacteria; p__Bacillota_I; c__Bacilli_A; o__Acholeplasmatales; f__Acholeplasmataceae; g__Alteracholeplasma; s__Alteracholeplasma palmae	0.7943126021338626
cf09654f3cfa8482d1647b2656ab9355	d__Bacteria; p__Bacillota_I; c__Bacilli_A; o__Bacillales_B_306089; f__Bacillaceae_H_294103; g__Bacillus_P_294101	0.9243713563013948
cf5c0e51bd37486974dfdca9d7533b3f	d__Bacteria; p__Pseudomonadota; c__Gammaproteobacteria; o__Enterobacterales_737866; f__Enterobacteriaceae_A_725029	0.9550059891308527
cf66748385059b1cfbd03cfbd4d10bd1	d__Bacteria; p__Actinomycetota; c__Actinomycetes; o__Actinomycetales; f__Microbacteriaceae; g__Leucobacter; s__Leucobacter komagatae	0.7042777942159744
cf7c42a5fd314bf466f6a6f881f48fbf	d__Bacteria; p__Bacteroidota; c__Bacteroidia; o__Sphingobacteriales; f__Sphingobacteriaceae; g__Sphingobacterium; s__Sphingobacterium jejuense	0.999976043678328
cfe63781750ca0a56fb3cc96421c959a	d__Bacteria; p__Chloroflexota; c__Chloroflexia; o__Thermomicrobiales; f__; g__; s__	0.9999802641009651
cfeb33d30aa1b73ecca815bc65ff35f0	d__Bacteria; p__Actinomycetota; c__Actinomycetes; o__Mycobacteriales; f__Mycobacteriaceae; g__Corynebacterium	0.9999999995363916
d0099ee91dbd9830ee9ca81d0ee85747	d__Bacteria; p__Pseudomonadota; c__Gammaproteobacteria; o__Xanthomonadales; f__Xanthomonadaceae; g__Stenotrophomonas_A_615274; s__Stenotrophomonas_A_615274 rhizophila	0.9975927489446054
d081cae6544659166ae1d603f2396d50	d__Bacteria; p__Pseudomonadota; c__Alphaproteobacteria; o__Rhodobacterales; f__Rhodobacteraceae; g__Paracoccus	0.9983597226434724
d087d5d5d543b3fe52dc84a4f9114db2	d__Bacteria; p__Bacteroidota; c__Bacteroidia; o__Sphingobacteriales; f__Sphingobacteriaceae; g__Sphingobacterium; s__Sphingobacterium phlebotomi	0.8669245040502609
d08b10d645c6abce0fd5d276a6f35a83	d__Bacteria; p__Bacteroidota; c__Bacteroidia; o__Sphingobacteriales; f__Sphingobacteriaceae; g__Sphingobacterium; s__Sphingobacterium jejuense	0.9998307149460072
d0c48453a0c46f39cea7f6066359446d	d__Bacteria; p__Cyanobacteriota; c__Sericytochromatia; o__UBA7694; f__UBA7694; g__GCA-2770975; s__GCA-2770975 sp002783405	0.9999995010822113
d0d1e7e45dd800241e7df135dc4e15dd	d__Bacteria; p__Pseudomonadota; c__Alphaproteobacteria; o__Sneathiellales_505152; f__Sneathiellaceae_505152; g__Sneathiella; s__Sneathiella litorea	0.8586843951024025
d0e675341e6e200296e44af372ae295e	d__Bacteria; p__Bacteroidota; c__Bacteroidia; o__Sphingobacteriales; f__Sphingobacteriaceae; g__Sphingobacterium	0.9999967976749747
d0f585607fa939f1c63f7c0f2ddfe6c7	d__Bacteria; p__Bacteroidota; c__Bacteroidia; o__Bacteroidales; f__Dysgonomonadaceae; g__; s__	0.9996575306616677
d108c1d73ba421a776c54b9748633048	d__Bacteria; p__Bacteroidota; c__Bacteroidia; o__Cytophagales_B; f__Cyclobacteriaceae	0.9999752320212574
d1179897c951d08244e656a9b98d3266	d__Bacteria; p__Pseudomonadota; c__Alphaproteobacteria; o__Rhizobiales_505101; f__Rhizobiaceae; g__Chelativorans_C_497815; s__Chelativorans_C_497815 sp000518985	0.7072324776689379
d12aeee907f387a3119762c291b80766	d__Bacteria; p__Pseudomonadota; c__Gammaproteobacteria; o__Pseudomonadales_A_650612; f__Pseudohongiellaceae; g__Pseudohongiella; s__Pseudohongiella sp004535785	0.9996998571883384
d1753e5c63713c163ab747e05277714a	d__Bacteria; p__Bacillota_I; c__Bacilli_A; o__Bacillales_E_286741; f__Massilibacteriaceae; g__Massilibacterium; s__	0.9999975723075972
d19854b2331ebf9cbc9bec4c4b948955	d__Bacteria; p__Actinomycetota; c__Actinomycetes; o__Propionibacteriales; f__Nocardioidaceae; g__Aeromicrobium	0.9999128006903948
d1cf7fefa6825498330dfbb28681c29d	d__Bacteria; p__Bacteroidota; c__Bacteroidia; o__Flavobacteriales_B_877923; f__Flavobacteriaceae; g__Flavobacterium; s__Flavobacterium odoratimimum	0.9949074366954433
d1dbb96fd768ea784a28f457bc647d45	d__Bacteria; p__Pseudomonadota; c__Alphaproteobacteria; o__Micavibrionales; f__Micavibrionaceae; g__TMED27; s__TMED27 sp002167715	0.9998881307715175
d1e9bbdaa99588f2d42bfab416651fdb	d__Bacteria; p__Pseudomonadota; c__Gammaproteobacteria; o__Burkholderiales	0.9999999993139337
d21aa1c8a7f3cfb42340a15923a83f5f	d__Bacteria; p__Myxococcota_A_473307; c__Myxococcia; o__Myxococcales; f__Myxococcaceae	0.9999999839036111
d23be8d8fcb4b3b8be52e80cee927782	d__Bacteria; p__Actinomycetota; c__Actinomycetes; o__Actinomycetales; f__Actinomycetaceae; g__Scrofimicrobium; s__Scrofimicrobium minihominis	0.99277381602594
d23fbef2f31d48eda40876cdbc49933a	d__Bacteria; p__Bacillota_I; c__Bacilli_A; o__Staphylococcales; f__Staphylococcaceae; g__Staphylococcus	0.9997145159792316
d25ee31873222cc289eb93af5edb4ec0	d__Bacteria; p__Bacillota_I; c__Bacilli_A; o__Acholeplasmatales; f__Acholeplasmataceae; g__; s__	0.9779758103051976
d26cfb89af88c1b8d44cdba2f91599a7	d__Bacteria; p__Bacillota_A_368345; c__Clostridia_258483; o__Lachnospirales; f__Lachnospiraceae; g__Lacrimispora; s__Hungatella xylanolytica	0.9776039689373099
d26f640aa987be18e756ad6ddd5496a7	d__Bacteria; p__Chloroflexota; c__Chloroflexia; o__Chloroflexales; f__Herpetosiphonaceae; g__Herpetosiphon; s__Herpetosiphon llansteffanensis	0.8141206693047567
d2f01764f9c9ac0417b2bb9464737429	d__Bacteria; p__Bacillota_I; c__Bacilli_A; o__Bacillales_D; f__Amphibacillaceae; g__Amphibacillus_B; s__Amphibacillus_B xylanus	0.9860705495158976
d32b79480036961d9ba78cfce0ef0e78	d__Bacteria; p__Pseudomonadota; c__Gammaproteobacteria; o__Diplorickettsiales; f__Diplorickettsiaceae; g__Aquirickettsiella	0.9998774708351513
d3441496938144bc8966963b895b61c9	d__Bacteria; p__Bacillota_A_368345; c__Clostridia_258483; o__Lachnospirales; f__Anaerotignaceae; g__; s__	0.9999993548352201
d360aaf4dff44c7af10eef6ebea7d8e6	d__Bacteria; p__Pseudomonadota; c__Gammaproteobacteria; o__Xanthomonadales; f__Xanthomonadaceae; g__Stenotrophomonas_A_615274; s__Stenotrophomonas_A_615274 ginsengisoli	0.9869844950065795
d397994f274f400f1165a77ed35274cf	d__Bacteria; p__Actinomycetota; c__Thermoleophilia; o__Gaiellales; f__Gaiellaceae; g__Palsa-739; s__Palsa-739 sp003139545	0.8457852272481154
d3c6a85d40273c464ff0b9ba474e3f0f	d__Bacteria; p__Bacteroidota; c__Bacteroidia; o__Cytophagales_B; f__Cyclobacteriaceae	0.9998842326886456
d3e9d612942cbb607663005ce3a81c9a	d__Bacteria; p__Actinomycetota; c__Acidimicrobiia_401430; o__Acidimicrobiales; f__JACDCH01; g__VFJN01; s__	0.9999995110591785
d404043185fd9f0b14cf3a2d241c95ad	d__Bacteria; p__Myxococcota_A_473307; c__Bradymonadia; o__REDH01; f__REDH01; g__REDH01; s__REDH01 sp007693585	0.9999791142635407
d4205b8302617d930da6667dddd2230c	d__Bacteria; p__Bacteroidota; c__Bacteroidia; o__Sphingobacteriales; f__Sphingobacteriaceae; g__Sphingobacterium; s__Sphingobacterium alimentarium	0.8002999817151123
d42c53fce302de1af24c260c5be930f8	d__Bacteria; p__Pseudomonadota; c__Gammaproteobacteria; o__Burkholderiales; f__Burkholderiaceae_A_594799; g__Pusillimonas_A; s__Pusillimonas_A maritima	0.9996751539921522
d443e822b509dfd8d4b242a9090d8a8b	d__Bacteria; p__Bacillota_A_368345; c__Clostridia_258483; o__Tissierellales; f__Tissierellaceae; g__Tissierella_B_223997; s__Tissierella_B_223997 creatinini	0.9998564588245332
d479b1eedc89b41a44c5a775abcf45cf	d__Bacteria; p__Chloroflexota; c__Chloroflexia; o__Thermomicrobiales; f__; g__; s__	0.9999999655105547
d47a6ab0ec3c183bfdf6af4201fc6743	d__Bacteria; p__Actinomycetota; c__Actinomycetes; o__Propionibacteriales; f__Nocardioidaceae; g__Nocardioides_A_392796	0.9915088688962451
d490051c7ae58ba12c2210f1f7150eed	d__Bacteria; p__Actinomycetota; c__Actinomycetes; o__Mycobacteriales; f__Mycobacteriaceae; g__Corynebacterium; s__Corynebacterium amycolatum_A	0.8230494711423447
d56ebb77864a21ec27bf3d9d2dd51240	d__Bacteria; p__Bacillota_I; c__Bacilli_A; o__Bacillales_B_306087; f__Caldibacillaceae; g__Bacillus_J_295379	0.8624705647900306
d5793e49f4bf32864728d3a4d13551a0	d__Bacteria; p__Bacillota_I; c__Bacilli_A; o__Brevibacillales; f__Brevibacillaceae; g__Brevibacillus_D_362672	0.9993780741293898
d586a39b0215b28983c1cb21121f8aa5	d__Bacteria; p__Bacillota_I; c__Bacilli_A; o__Bacillales_H_361473; f__Bacillaceae_D_361233; g__Alkalicoccobacillus; s__Alkalicoccobacillus gibsonii	0.9022497474946506
d58fc19232d9ca4a75d2c408a1648317	d__Bacteria; p__Pseudomonadota; c__Alphaproteobacteria; o__Rhodobacterales; f__Rhodobacteraceae	0.999999509123066
d5a553549faca5c5fc5df1233dca4241	d__Bacteria; p__Bacillota_I; c__Bacilli_A; o__Acholeplasmatales; f__Acholeplasmataceae	0.9974362580149947
d5ae2e5407f9bfa351633b011be130fb	d__Bacteria; p__Bacteroidota; c__Bacteroidia; o__Cytophagales_B; f__Cyclobacteriaceae; g__Lunatibacter; s__	0.8852023660301488
d5f53dfcbf00831888de195d0ce0d801	d__Bacteria; p__Pseudomonadota; c__Alphaproteobacteria; o__Rhodobacterales; f__Rhodobacteraceae; g__Paracoccus	0.9971582779193915
d5f872a3482cda3fcaabde31a52f9f3a	d__Bacteria; p__Actinomycetota; c__Actinomycetes; o__Actinomycetales	0.9999667642614349
d65886bee0f292fbbf5fc64ff1bc0b24	d__Bacteria; p__Pseudomonadota; c__Gammaproteobacteria; o__Pseudomonadales_A_650611; f__Pseudomonadaceae	0.9999999950504942
d73835da51464de444e732fe62aec643	d__Bacteria; p__Bacillota_I; c__Bacilli_A; o__Bacillales_B_306089; f__Bacillaceae_H_294103; g__Bacillus_P_294101	0.9982539650083962
d7712dae57571d8c7232adccdc207c57	d__Bacteria; p__Actinomycetota; c__Actinomycetes; o__Actinomycetales	0.9398141588727538
d79eecb3b133ab6d3395a529a1731610	d__Bacteria; p__Bacteroidota; c__Bacteroidia; o__Sphingobacteriales; f__Sphingobacteriaceae; g__Sphingobacterium; s__Sphingobacterium jejuense	0.9999824856196691
d7d88771bf20e36bc7d0a72d8c2769d8	d__Bacteria; p__Bacteroidota; c__Bacteroidia; o__Sphingobacteriales; f__Sphingobacteriaceae; g__Sphingobacterium	0.9663992485378337
d897dc1370afb059b73b443133e8faa5	d__Bacteria; p__Bacteroidota; c__Bacteroidia; o__Bacteroidales; f__Tannerellaceae; g__Massilibacteroides; s__	0.9999763544122456
d8b253da31cae9272be8c76108df2c79	d__Bacteria; p__Pseudomonadota; c__Gammaproteobacteria; o__Burkholderiales; f__Burkholderiaceae_A_595421; g__Ramlibacter_588642	0.7575656802727281
d8ebeb83244c8bb2a22fca83b1a47d30	d__Bacteria; p__Bacillota_A_368345; c__Clostridia_258483; o__Lachnospirales; f__Cellulosilyticaceae; g__Cellulosilyticum; s__Cellulosilyticum ruminicola	0.9999997227751537
d93c0def4e8d087b14abdf05c9ca8273	d__Bacteria; p__Pseudomonadota; c__Alphaproteobacteria; o__Rhizobiales_505101; f__Rhizobiaceae; g__Pseudochrobactrum; s__Pseudochrobactrum asaccharolyticum	0.8584667414573609
d977e909352bb4deffca208b651be3e4	d__Bacteria; p__Bacillota_I; c__Bacilli_A; o__Acholeplasmatales; f__Acholeplasmataceae; g__Acholeplasma_284948; s__Acholeplasma laidlawii	0.9999982841878049
d97ca57e2925cebdb15ec274e164965b	d__Bacteria; p__Bacillota_I; c__Bacilli_A; o__RFN20; f__CAG-826; g__UBA1361; s__UBA1361 sp002069815	0.9726909266857706
d98c8512c8a3794e41c44a6e7b858cf9	d__Bacteria; p__Pseudomonadota; c__Gammaproteobacteria; o__Xanthomonadales; f__Xanthomonadaceae; g__Pseudoxanthomonas_A_615336; s__Pseudoxanthomonas_A_615336 suwonensis_A	0.706330200229837
d99e9853a4c45ec3252ddbb17802691c	d__Bacteria; p__Bacillota_A_368345; c__Clostridia_258483; o__Tissierellales; f__Tissierellaceae; g__CABMKH01; s__CABMKH01 sp902386935	0.9999989216950228
d9bca85ad6690f7a943e50deb03b3da1	d__Bacteria; p__Pseudomonadota; c__Gammaproteobacteria; o__Burkholderiales; f__Burkholderiaceae_A_595373; g__; s__	0.9999994507688771
da483f8234096cc78536ce689ecb89f9	d__Bacteria; p__Bacteroidota; c__Bacteroidia; o__Flavobacteriales_B_877923; f__Crocinitomicaceae; g__Taishania; s__Taishania pollutisoli	0.8248916908158693
da4d7f36cc58cd10fc9ca1b5cabcd0e5	d__Bacteria; p__Bacillota_A_368345; c__Clostridia_258483; o__Tissierellales; f__Tissierellaceae; g__Tissierella_B_223997; s__Tissierella_B_223997 creatinini	0.9988452902273633
dabc1f68c4619d0b0d6ab5844e7e4bfd	d__Bacteria; p__Pseudomonadota; c__Gammaproteobacteria; o__Enterobacterales_737866; f__Aeromonadaceae; g__Oceanisphaera	0.9999920160970687
dabe41be0caafbd1a1f6ed87abc21094	d__Bacteria; p__Bacillota_A_368345; c__Clostridia_258483; o__Christensenellales; f__UBA1242; g__UBA11490; s__UBA11490 sp003524095	0.8802798600083813
db13d491cdcd1cb171a526bd1701ccc9	d__Bacteria; p__Bacillota_A_368345; c__Clostridia_258483; o__Oscillospirales; f__Ruminococcaceae	0.9882433687886208
db1d295e27edb6537b09932053a1d331	d__Bacteria; p__Myxococcota_A_473307; c__Bradymonadia; o__REDH01; f__REDH01; g__REDH01; s__REDH01 sp007693585	0.9984530145395147
db2823e2b449951cc0435c35cfb512e1	d__Bacteria; p__Cyanobacteriota; c__Cyanobacteriia; o__Cyanobacteriales; f__Microcoleaceae; g__Microcoleus; s__	0.8825551793259302
db445db2441262c847e7c90ccd632662	d__Bacteria; p__Bacillota_I; c__Bacilli_A; o__RF39; f__UBA660; g__; s__	0.7237927774714482
db684380b450f50d18cc4a5a484397dc	d__Bacteria; p__Pseudomonadota; c__Alphaproteobacteria; o__Rhodobacterales; f__Rhodobacteraceae; g__Ketogulonicigenium	0.7603445288981279
db7d27eee61d47a1292e0030ba3c3f61	d__Bacteria; p__Bacteroidota; c__Bacteroidia; o__Flavobacteriales_B_877923; f__Weeksellaceae; g__Moheibacter; s__	0.9999999988976641
db9f4e8b8c31b3e298d722c7786443b1	d__Bacteria; p__Pseudomonadota; c__Gammaproteobacteria; o__Burkholderiales; f__Alcaligenaceae_592806; g__Saccharedens; s__	0.9892636116587268
dbab0f8ac0bbb7c8ecd2b3f62a20e6c3	d__Bacteria; p__Pseudomonadota; c__Gammaproteobacteria; o__Burkholderiales; f__Burkholderiaceae_A_595373; g__Paenalcaligenes	0.9999916693051415
dbe25a73f9e72dab6b3f45e2e3c022ec	d__Bacteria; p__Bacillota_I; c__Bacilli_A; o__Bacillales_D; f__Amphibacillaceae; g__Oceanobacillus_287537	0.9999425430454134
dc3070ccce481dee952c0ad06d4b9d30	d__Bacteria; p__Bacteroidota; c__Bacteroidia; o__Flavobacteriales_B_877923; f__Flavobacteriaceae; g__Flavobacterium; s__Flavobacterium odoratimimum	0.9994803300701044
dc40f19361b9081547655a601487f5ae	d__Bacteria; p__Bacillota_I; c__Bacilli_A; o__Lactobacillales; f__Lactobacillaceae; g__Lactobacillus	0.9999999578741166
dc41f6e2364859362540df7f90893635	d__Bacteria; p__Bacillota_I; c__Bacilli_A; o__ML615J-28; f__CAG-698; g__UBA2253; s__UBA2253 sp002068415	0.9996068611456147
dc6f3825867f745307a2e707efa49914	d__Bacteria; p__Pseudomonadota; c__Alphaproteobacteria; o__Rhizobiales_505101; f__Methyloligellaceae; g__Methyloceanibacter	0.8698794234034761
dc72a6593d7294373e2098d926448185	d__Bacteria; p__Bacillota_I; c__Bacilli_A	0.9999999966187719
dc7c11aec06008d9619613edc05b7df9	d__Bacteria; p__Bacteroidota; c__Bacteroidia; o__Sphingobacteriales; f__Sphingobacteriaceae; g__Parapedobacter	0.9999652363150726
dc814728bf9e3d8ec444a5c54c4b13c1	d__Bacteria; p__Pseudomonadota; c__Gammaproteobacteria; o__Burkholderiales; f__Alcaligenaceae_592847; g__Caenimicrobium; s__Caenimicrobium hargitense	0.774412423394343
dcba408bbf03311d87cb0587c2bc52fc	d__Bacteria; p__Actinomycetota; c__Actinomycetes; o__Actinomycetales; f__Microbacteriaceae	0.9474760997160547
dcba8a6f0e4262888d25baa43194a0e7	d__Bacteria; p__Bacteroidota; c__Bacteroidia; o__Sphingobacteriales; f__Sphingobacteriaceae; g__Sphingobacterium; s__Sphingobacterium jejuense	0.9998571776785603
dcd0de06422cb6cd9bbf4dc46fb55861	d__Bacteria; p__Bacteroidota; c__Bacteroidia; o__Sphingobacteriales; f__Sphingobacteriaceae; g__Sphingobacterium	0.9999951125428203
dcf9bbafc467afa8c6543d6cc3430421	d__Bacteria; p__Bacillota_I; c__Bacilli_A; o__RFN20; f__CAG-826; g__RUG14515; s__	0.9909198516712605
dd1b7f0afcfca1df0f341790f1a2c1e1	d__Bacteria; p__Bacteroidota; c__Bacteroidia; o__Sphingobacteriales; f__Sphingobacteriaceae; g__Sphingobacterium; s__Sphingobacterium faecium	0.9940543713939474
dd2e447c1c743354afc0d5cf7038689a	d__Bacteria; p__Bacillota_A_368345; c__Clostridia_258483; o__Clostridiales; f__Clostridiaceae_222000; g__Clostridium_G; s__Clostridium_G tetani	0.81963818803697
dd31e81fb719b1495ce60131f0a061eb	d__Bacteria; p__Bacillota_A_368345; c__Clostridia_258483; o__Acetivibrionales; f__DSM-27016; g__Ruminiclostridium	0.9997133930596838
dd452094efd01d7e12390df1600a5a22	d__Bacteria; p__Pseudomonadota; c__Gammaproteobacteria; o__Enterobacterales_737866	0.9999999996640564
dd56c4874f578837f4ceaac47ecb4fe9	d__Bacteria; p__Bdellovibrionota_473306; c__Bacteriovoracia; o__Bacteriovoracales; f__Bacteriovoracaceae; g__Peredibacter; s__Peredibacter starrii	0.9999976693678166
dd631b9ec612a3630cc18629e75be86b	d__Bacteria; p__Bacteroidota; c__Bacteroidia; o__Sphingobacteriales; f__Sphingobacteriaceae; g__Sphingobacterium	0.9999999999915248
dd7685f6974d9a158821c3bc4f896354	d__Bacteria; p__Pseudomonadota; c__Alphaproteobacteria; o__Rhizobiales_505101; f__Devosiaceae; g__Devosia_A_502124	0.9822910936230064
dd9aefe006289cd5042a287c12c38fa3	d__Bacteria; p__Bacillota_I; c__Bacilli_A; o__Bacillales_D; f__Amphibacillaceae; g__Oceanobacillus_287537; s__Oceanobacillus indicireducens	0.7571059356223879
dda75645cf88c27508bb775162f6051f	d__Bacteria; p__Bacteroidota; c__Bacteroidia; o__Bacteroidales; f__Rikenellaceae; g__Alistipes_A_871400	0.7483876117403386
dda7e8242ac3c55bdcbc044281b84b69	d__Bacteria; p__Bacteroidota; c__Bacteroidia; o__Sphingobacteriales; f__Sphingobacteriaceae; g__Sphingobacterium; s__	0.8804777887460418
ddb37dfcdef98685047cd817925a241f	d__Bacteria; p__Bacillota_I; c__Bacilli_A; o__Tumebacillales; f__; g__; s__Tumebacillus ginsengisoli	0.8978373210711327
ddc522730e2b25acd5021eaa7f43a389	d__Bacteria; p__Bacteroidota; c__Bacteroidia; o__Bacteroidales; f__Dysgonomonadaceae; g__Dysgonomonas; s__Dysgonomonas alginatilytica	0.8737003108086036
ddc91cc52106d4171e6592113e07eac6	d__Bacteria; p__Pseudomonadota; c__Gammaproteobacteria; o__Enterobacterales_737866; f__Enterobacteriaceae_A_725029; g__Buttiauxella	0.7029745100114597
ddcc061f618edee92c1f97a84e91dec0	d__Bacteria; p__Bacillota_I; c__Bacilli_A; o__Bacillales_D; f__Amphibacillaceae	0.8763437502850605
de2ea663ccd0eb4bd0cc16fc4bfa5e45	d__Bacteria; p__Bacteroidota; c__Bacteroidia; o__Sphingobacteriales; f__Sphingobacteriaceae; g__Sphingobacterium	0.9999125498500756
de30b0735df8164687ad3cc628fddfd2	d__Bacteria; p__Bacillota_I; c__Bacilli_A; o__Bacillales_B_306087; f__DSM-18226_301387; g__Mesobacillus_A_295502	0.8238292813066221
de405d07568a7a62cc02f67e4fed3dd5	d__Bacteria; p__Bacillota_I; c__Bacilli_A; o__RFN20; f__CAG-826	0.9781235356417144
de768595c6a89c0f0f36b2b9b914e4a7	d__Bacteria; p__Bacillota_I; c__Bacilli_A; o__Staphylococcales; f__Staphylococcaceae; g__Staphylococcus; s__Staphylococcus argensis	0.7943312579360798
de81d66ddd06985b17f7a2686ef5a77d	d__Bacteria; p__Bacteroidota; c__Bacteroidia; o__Sphingobacteriales; f__Sphingobacteriaceae; g__Sphingobacterium; s__Sphingobacterium praediipecoris	0.9851553515502495
de8a3f9e07ac285fb2f8b994df1719ab	d__Bacteria; p__Bacillota_I; c__Bacilli_A	0.9999997387797375
df271ce57e7c1aeaedf69ef545338fa9	d__Bacteria; p__Bacillota_I; c__Bacilli_A; o__Paenibacillales; f__YIM-B00363; g__Paenibacillus_AE; s__Paenibacillus_AE antri	0.8826893178893509
df47dfeafb17540f2141c91900f749ab	d__Bacteria; p__Pseudomonadota; c__Gammaproteobacteria; o__Burkholderiales; f__Burkholderiaceae_A_595373; g__Castellaniella; s__	0.7434419324280137
df8e4fad09dce76860a48abe5b82480e	d__Bacteria; p__Actinomycetota; c__Actinomycetes; o__Actinomycetales; f__Micrococcaceae; g__Nesterenkonia	0.8826659385293989
df96a72c37be6bf648bd5d6e03eebdd7	d__Bacteria; p__Bacillota_I; c__Bacilli_A; o__Thermoactinomycetales_367866; f__DSM-45169_367838; g__Melghirimyces_367832; s__Melghirimyces thermohalophilus	0.9999948400495782
dfe0c2a6b807b4297b18428f1955f98f	d__Bacteria; p__Actinomycetota; c__Actinomycetes; o__Actinomycetales; f__Brevibacteriaceae; g__Brevibacterium; s__Brevibacterium album	0.9344308564828862
dfecdc87de2b008f02f80a6da7ad25e0	d__Bacteria; p__Pseudomonadota; c__Alphaproteobacteria; o__Rhodobacterales; f__Rhodobacteraceae	0.946470436098105
e015a74695655e2a66dcf6d5c844ae41	d__Bacteria; p__Verrucomicrobiota; c__Verrucomicrobiae; o__Chthoniobacterales; f__Terrimicrobiaceae; g__Terrimicrobium; s__Terrimicrobium sacchariphilum	0.999984993647875
e0289608f39550285b18bb052c483ba0	d__Bacteria; p__Bacillota_A_368345; c__Clostridia_258483; o__Lachnospirales; f__Lachnospiraceae	0.9999999816092617
e040c5b06c553a89b246176325094c11	d__Bacteria; p__Bacillota_B_370543; c__TC1; o__TC1; f__TC1; g__TC1; s__	0.9962073066287626
e1416a234bb59ac70471d052f030d6ea	d__Bacteria; p__Bacillota_I; c__Bacilli_A; o__Acholeplasmatales; f__Acholeplasmataceae; g__; s__	0.850054428998745
e1427e7bf48c498b0b5c254afc2bc5a3	d__Bacteria; p__Bdellovibrionota_473306; c__Bacteriovoracia; o__Bacteriovoracales; f__Bacteriovoracaceae; g__Peredibacter; s__Peredibacter starrii	0.9999976418322897
e168b850efa22e30c8ac4907005216d1	d__Bacteria; p__Bacteroidota; c__Bacteroidia; o__Cytophagales_B; f__Cyclobacteriaceae; g__Roseivirga; s__Roseivirga thermotolerans	0.9839953533783867
e18217040782c7be779f46f3422544b5	d__Bacteria; p__Bacteroidota; c__Bacteroidia; o__Flavobacteriales_B_877923; f__Flavobacteriaceae; g__Muricauda_A_821752; s__	0.8188550241460799
e1a2fc633a8c8a971288aae766061d64	d__Bacteria; p__Bacillota_A_368345; c__Clostridia_258483; o__Tissierellales; f__Sporanaerobacteraceae; g__Anaerosalibacter; s__Anaerosalibacter bizertensis	0.9981551642494901
e1c98d13f98a6dd1a7da2d144e5083a8	d__Bacteria; p__Verrucomicrobiota; c__Verrucomicrobiae; o__Opitutales; f__Cerasicoccaceae; g__Cerasicoccus; s__Cerasicoccus arenae	0.843576421809107
e1d2a9fa4aa3f8e81067cf362e0cd257	d__Bacteria; p__Bacillota_I; c__Bacilli_A; o__MOL361; f__Turicibacteraceae; g__Turicibacter; s__Turicibacter sanguinis	0.7279927223223429
e20689a9b204a2d730935359e2001d50	d__Bacteria; p__Pseudomonadota; c__Gammaproteobacteria; o__Pseudomonadales_A_650611; f__Pseudomonadaceae; g__Pseudomonas_E_647464	0.9998337197486323
e217a667abb1fc1c2d32fea4cbc4132e	d__Bacteria; p__Bacteroidota; c__Bacteroidia; o__Sphingobacteriales; f__Sphingobacteriaceae; g__Sphingobacterium	0.9993368106131411
e271197051f61b34ad1374d850f0bb67	d__Bacteria; p__Pseudomonadota; c__Gammaproteobacteria; o__Burkholderiales; f__; g__; s__	0.9953833005858604
e2b973b6005a4ab774bbc53a1c12ce30	d__Bacteria; p__Actinomycetota; c__Thermoleophilia; o__Solirubrobacterales; f__Solirubrobacteraceae; g__Solirubrobacter	0.998968331588449
e2bf4568a48a399b56d30802145f87a5	d__Bacteria; p__Actinomycetota; c__Actinomycetes; o__Actinomycetales; f__Dermabacteraceae; g__Brachybacterium	0.9999992139357996
e2c82b8f287cf06e42982508eb460933	d__Bacteria; p__Bacillota_I; c__Bacilli_A; o__Lactobacillales; f__Lactobacillaceae; g__Companilactobacillus	0.9999999999971927
e2cbad2e6dc02af5b36d4bc81718a971	d__Bacteria; p__Bdellovibrionota_473306; c__Bacteriovoracia; o__Bacteriovoracales; f__Bacteriovoracaceae; g__Peredibacter; s__Peredibacter starrii	0.9994141185860801
e336f37a27cbd76db5b0040a8c078e20	d__Bacteria; p__Bacillota_I; c__Bacilli_A; o__Lactobacillales; f__Listeriaceae; g__Listeria_A	0.9999947941757845
e33f85614c4b3b2ab748bc2872550ffb	d__Bacteria; p__Bacteroidota; c__Bacteroidia; o__Flavobacteriales_B_877923; f__Flavobacteriaceae; g__Flavobacterium; s__	0.7126861222482929
e379a15be3faa658f13a4190ff7a6be2	d__Bacteria; p__Bacillota_I; c__Bacilli_A; o__RFN20; f__CAG-826; g__RUG14515; s__RUG14515 sp012837435	0.9999988705701225
e3c1bbd35934da06d83eb6f1e1908d96	d__Bacteria; p__Bacillota_A_368345; c__Clostridia_258483; o__Lachnospirales; f__Lachnospiraceae	0.9999999831305795
e3d1b4a59048b1c7bcd475b3b8ea72d1	d__Bacteria; p__Bacteroidota; c__Bacteroidia; o__Flavobacteriales_B_877923; f__Weeksellaceae; g__Moheibacter; s__	0.9997656409869167
e3f167eaf14edaa47872413c9341a465	d__Bacteria; p__Pseudomonadota; c__Gammaproteobacteria; o__Burkholderiales; f__Rhodocyclaceae	0.888715802619575
e4387c9f90c22ea418baae825b211e57	d__Bacteria; p__Bacteroidota; c__Bacteroidia	0.9999944086981182
e438b33797948fc89be5347a9b49dfc6	d__Bacteria; p__Actinomycetota; c__Actinomycetes; o__Mycobacteriales; f__Mycobacteriaceae; g__Rhodococcus_376336	0.9999905553490569
e479ce2ad90585b443923c0c78fa827f	d__Bacteria; p__Pseudomonadota; c__Alphaproteobacteria; o__Rhizobiales_505101; f__Methylopilaceae; g__Terrihabitans; s__	0.9772802138217992
e48eaa9fe1eb1ff9459d89958dbe922b	d__Bacteria; p__Pseudomonadota; c__Gammaproteobacteria; o__Enterobacterales_737866; f__Alteromonadaceae; g__Pseudidiomarina; s__Pseudidiomarina donghaiensis	0.7236645264561736
e49e9d62f8e3f09431a8831609935d6c	d__Bacteria; p__Myxococcota_A_473307; c__Polyangia_463783; o__Polyangiales; f__SG8-38; g__; s__	0.982383041603521
e4b88254354dc1500e3839b9ee9c8ce8	d__Bacteria; p__Pseudomonadota; c__Gammaproteobacteria; o__Pseudomonadales_A_650611; f__Pseudomonadaceae	0.8302533940207387
e4d20dd272e305a3aa94d0a6cc2c9dfb	d__Bacteria; p__Bacillota_I; c__Bacilli_A; o__Acholeplasmatales; f__Acholeplasmataceae; g__; s__	0.9999989067554232
e51351921de86a17bab85902b29a4e92	d__Bacteria; p__Bacillota_I; c__Bacilli_A; o__Thermoactinomycetales_367867; f__Novibacillaceae; g__Novibacillus; s__Novibacillus thermophilus	0.9999829581471649
e520e2865d3085925c29cda8647aaf1a	d__Bacteria; p__Pseudomonadota; c__Gammaproteobacteria; o__Pseudomonadales_A_650612; f__Porticoccaceae	0.8640325175663753
e52a5d6f0e2560fe327b2f502dd5a024	d__Bacteria; p__Pseudomonadota; c__Gammaproteobacteria; o__Pseudomonadales_A_650611; f__Pseudomonadaceae; g__Pseudomonas_E_647464	0.999457166329999
e5413f67faa6b8c0c3e63e48836c0b42	d__Bacteria; p__Bacillota_C; c__Negativicutes; o__Acidaminococcales; f__Acidaminococcaceae; g__Phascolarctobacterium_A_40086; s__Phascolarctobacterium_A_40086 faecium	0.9999999432253918
e54de8f948e4f1d2a3c9e5a394c5bc37	d__Bacteria; p__Bacillota_I; c__Bacilli_A; o__Lactobacillales; f__Lactobacillaceae; g__Latilactobacillus	0.9937760548278968
e54fe5b4d8ccc064b4aa00314b2ca865	d__Bacteria; p__Bacillota_I; c__Bacilli_A; o__Bacillales_A; f__Planococcaceae; g__Sporosarcina	0.9459842669038462
e5591d4df5a0d3876d26ded6b65e886b	d__Bacteria; p__Bacillota_I; c__Bacilli_A; o__Paenibacillales; f__NBRC-103111; g__Paenibacillus_L; s__Paenibacillus_L senegalensis	0.999928979062026
e55f7ffdc508fc02e0ce54bfb21e6038	d__Bacteria; p__Bacillota_I; c__Bacilli_A; o__Exiguobacterales; f__Exiguobacteraceae; g__Exiguobacterium_A	0.9999736299409784
e5d58beb3dd059018ce5635a847a992b	d__Bacteria; p__Pseudomonadota; c__Gammaproteobacteria; o__Xanthomonadales; f__Xanthomonadaceae; g__Luteimonas_D; s__Luteimonas_D padinae	0.9685564406604864
e5e45fe5960b838c45765068621efcd5	d__Bacteria; p__Bacteroidota; c__Bacteroidia; o__Sphingobacteriales; f__Sphingobacteriaceae; g__Pedobacter_B_887417	0.9951454343726887
e5e6c42085179b449020315bba2f86b4	d__Bacteria; p__Pseudomonadota; c__Alphaproteobacteria; o__Rs-D84_512864; f__Rs-D84; g__Enterousia; s__Enterousia intestinigallinarum	0.9339613152990881
e5ff508d3124d94fdd0e50a434cb58e9	d__Bacteria; p__Bacillota_I; c__Bacilli_A; o__Thermoactinomycetales_367866; f__DSM-45169_367838; g__Kroppenstedtia_A; s__Kroppenstedtia_A sanguinis	0.9987361906203064
e650968c1e1d298dc491fdc5277e7324	d__Bacteria; p__Bacteroidota; c__Bacteroidia; o__Cytophagales_B; f__Cytophagaceae; g__Sporocytophaga; s__	0.9894798699385807
e6626f320818842fb27637c2968df0ed	d__Bacteria; p__Bacteroidota; c__Bacteroidia; o__Chitinophagales; f__Saprospiraceae	0.9811105653167025
e6814aaaea4ae151cd39b6e208a89076	d__Bacteria; p__Bacillota_I; c__Bacilli_A; o__Acholeplasmatales; f__Acholeplasmataceae	0.9882122323228821
e6d2443f7e0cb25e80173de8c8ac71ea	d__Bacteria; p__Bacteroidota; c__Bacteroidia; o__Cytophagales_B; f__Spirosomataceae; g__Leadbetterella_905429; s__Leadbetterella byssophila	0.9999954912496529
e7142feb387f929ee101779e66677cb9	d__Bacteria; p__Actinomycetota; c__Actinomycetes; o__Actinomycetales; f__Actinomycetaceae; g__Actinomyces	0.9999877341686964
e71a3a85bc56fa9fbd1662e1775066b2	d__Bacteria; p__Verrucomicrobiota; c__Verrucomicrobiae; o__Chthoniobacterales; f__UBA10450; g__AV80; s__AV80 sp003134765	0.98980501898005
e72707fc2be7b6313023d1d63dc7febd	d__Bacteria; p__Pseudomonadota; c__Gammaproteobacteria; o__Xanthomonadales; f__Xanthomonadaceae	0.9957083210042754
e73743fd55dd577f8509c01e4a251f4b	d__Bacteria; p__Bacteroidota; c__Bacteroidia; o__Cytophagales_B; f__Spirosomataceae; g__Ravibacter; s__	0.9999998035028079
e73935921b6f0f94730f152ca0aa4eb9	d__Bacteria; p__Bacillota_A_368345; c__Clostridia_258483; o__Clostridiales; f__Clostridiaceae_222000; g__Hathewaya; s__Hathewaya massiliensis	0.9626522775571735
e741e1bcd7d6588f976c338264a8359d	d__Bacteria; p__Pseudomonadota; c__Alphaproteobacteria; o__Sphingomonadales; f__Sphingomonadaceae_486827; g__Erythrobacter_484373	0.8424745958027016
e795fed13ead27da7c3bedd15b4a59c1	d__Bacteria; p__Actinomycetota; c__Actinomycetes; o__Mycobacteriales; f__Mycobacteriaceae; g__Rhodococcus_376336; s__Rhodococcus erythropolis	0.9995375701503733
e79e088c544d872b57937a0d15fb7598	d__Bacteria; p__Bdellovibrionota_473306; c__Bacteriovoracia; o__Bacteriovoracales; f__Bacteriovoracaceae; g__Peredibacter; s__Peredibacter starrii	0.9992693718652392
e7c5780097a8e79d4a24fa6c37359944	d__Bacteria; p__Verrucomicrobiota; c__Verrucomicrobiae; o__Opitutales; f__Cerasicoccaceae; g__Cerasicoccus; s__Cerasicoccus arenae	0.9359215775533135
e8344fe259ae8f1be788ead9885bb4ac	d__Bacteria; p__Actinomycetota; c__Actinomycetes; o__Actinomycetales; f__Microbacteriaceae	0.940452777965052
e857d33c9ba11c6cc03d56721f1473ff	d__Bacteria; p__Bacteroidota; c__Bacteroidia; o__Bacteroidales; f__Porphyromonadaceae; g__Porphyromonas_A; s__Porphyromonas_A bennonis	0.9899248905042914
e870581e1f6ca4020b682931d90fcc11	d__Bacteria; p__Actinomycetota; c__Actinomycetes; o__Actinomycetales; f__Microbacteriaceae; g__Microbacterium_A_383321	0.7509592315421414
e9115dad197a43959006528f8bc6103a	d__Bacteria; p__Bacillota_A_368345; c__Clostridia_258483; o__Lachnospirales; f__Lachnospiraceae; g__Lachnoclostridium_A_184689	0.7056848452782403
e9ca4f25e70675cc3307f94e26145fa7	d__Bacteria; p__Bacteroidota; c__Bacteroidia; o__Sphingobacteriales; f__Sphingobacteriaceae; g__Sphingobacterium	0.9949974206561067
e9fa555f0c23f15bd4d08ec74790772b	d__Bacteria; p__Pseudomonadota; c__Gammaproteobacteria; o__Pseudomonadales_A_650611; f__Pseudomonadaceae; g__Stutzerimonas_648792; s__Stutzerimonas saudiphocaensis	0.9351685165112701
ea10b41befa09cb284e20b377a964d49	d__Bacteria; p__Pseudomonadota; c__Alphaproteobacteria; o__Rhodobacterales; f__Rhodobacteraceae	0.9999687346466728
ea2e09dec9d3769b17afa283ff22d5da	d__Bacteria; p__Bacillota_A_368345; c__Clostridia_258483; o__Clostridiales; f__Clostridiaceae_222000; g__Clostridium_T; s__Clostridium_T intestinale	0.9999921666344418
ea45acba9efc06c44cccfe388fde9c33	d__Bacteria; p__Pseudomonadota; c__Gammaproteobacteria; o__Burkholderiales; f__Rhodocyclaceae	0.9962448915365344
ea7ed62fae5d852feb11f4380d7bcfd3	d__Bacteria; p__Pseudomonadota; c__Gammaproteobacteria; o__Pseudomonadales_A_641030; f__Halomonadaceae_641030; g__Vreelandella_640984	0.9928272763519084
ea909dd93f715fb703d1ca44470b7589	d__Bacteria; p__Bacteroidota; c__Bacteroidia; o__Flavobacteriales_B_877923; f__Weeksellaceae; g__Moheibacter; s__Moheibacter stercoris	0.9999963156912571
eaa331d0101138440673dde173139379	d__Bacteria; p__Actinomycetota; c__Actinomycetes; o__Actinomycetales	0.9998857784253198
eaa8f5b7fce5c44239189277ad6972af	d__Bacteria; p__Pseudomonadota; c__Alphaproteobacteria; o__Sphingomonadales; f__Sphingomonadaceae_486827; g__Novosphingobium	0.853175829692731
eac70643cba18e6e32d4a18eec3398e7	d__Bacteria; p__Pseudomonadota; c__Alphaproteobacteria; o__Sphingomonadales; f__Sphingomonadaceae_486827; g__Sphingopyxis_485592	0.9289192136570326
ead596aa7c6847271fdaa9d0dc36d02b	d__Bacteria; p__Actinomycetota; c__Actinomycetes; o__Actinomycetales; f__Microbacteriaceae; g__Microbacterium_A_383321	0.9984627268086242
eaefd12b3274afb3e01209cffe6ec1d2	d__Bacteria; p__Pseudomonadota; c__Gammaproteobacteria; o__Pseudomonadales_A_637066; f__Oleiphilaceae_637066; g__Marinobacter_A_637054	0.9659594187769547
eaf3c051277962e93b540a1058bd428d	d__Bacteria; p__Verrucomicrobiota; c__Verrucomicrobiae; o__Opitutales; f__CG1-02-43-26; g__CG1-02-43-26; s__	0.8725205551265073
ebc0c93713cbfbb0a00b236722af4b88	d__Bacteria; p__Bacillota_I; c__Bacilli_A	0.9999035242375724
ec1d1974b9b3594570b13484168365be	d__Bacteria; p__Bacillota_A_368345; c__Clostridia_258483; o__Lachnospirales; f__Cellulosilyticaceae; g__Cellulosilyticum; s__Cellulosilyticum ruminicola	0.9999999985416254
ec2fb1ef91bddff99998455a16d53b10	d__Bacteria; p__Bacillota_A_368345; c__Clostridia_258483; o__Lachnospirales; f__Lachnospiraceae; g__Lacrimispora	0.9677742061377916
ec3b23bced522f7dbe395526a97db81c	d__Bacteria; p__Bacillota_I; c__Bacilli_A; o__Bacillales_B_306087; f__DSM-18226_301387; g__Cytobacillus_298193; s__Cytobacillus kochii	0.8600491154817739
ec3b5be5a50acd5e2ab83975c00002a6	d__Bacteria; p__Bacteroidota; c__Bacteroidia; o__Bacteroidales; f__Dysgonomonadaceae; g__Dysgonomonas; s__Dysgonomonas sp000711235	0.7906969555502261
ec7bd70649f6f3a2e435249ac03879d0	d__Bacteria; p__Bacillota_I; c__Bacilli_A; o__Paenibacillales; f__NBRC-103111	0.959552630212987
ec85f7537f4ecc2925c241fa470c6a7e	d__Bacteria; p__Bacillota_I; c__Bacilli_A; o__Lactobacillales; f__Vagococcaceae; g__Vagococcus_B	0.9809056105272154
ec960ce357f2a760a72a5a54d4bc1714	d__Bacteria; p__Verrucomicrobiota; c__Verrucomicrobiae; o__Verrucomicrobiales; f__Verrucomicrobiaceae; g__Phragmitibacter; s__Phragmitibacter flavus	0.9561063712692642
eca3c65a8c302fd52b84bd7ed756562f	d__Bacteria; p__Bacteroidota; c__Bacteroidia; o__Chitinophagales	0.8105578451279031
ecbedfe2917885b5d82d81b05edabffb	d__Bacteria; p__Actinomycetota; c__Actinomycetes; o__Streptosporangiales; f__Streptosporangiaceae; g__Thermobifida	0.8960900718972575
ece4c1a913362b5f30b6ae931504a778	d__Bacteria; p__Bacteroidota; c__Bacteroidia; o__Sphingobacteriales; f__Sphingobacteriaceae; g__Sphingobacterium; s__Sphingobacterium jejuense	0.9999992403177673
ed13c3348c0659bc9d2fb42eebf5cfdc	d__Bacteria; p__Actinomycetota; c__Thermoleophilia; o__Solirubrobacterales; f__Solirubrobacteraceae; g__Solirubrobacter	0.9995059986400663
ed44f37c083e190a8914715a8c531dbd	d__Bacteria; p__Actinomycetota; c__Actinomycetes; o__Actinomycetales; f__Microbacteriaceae; g__Microbacterium_A_383321	0.762819927194781
edcd7e450f5048f455fdbce78df1a8a3	d__Bacteria; p__Actinomycetota; c__Actinomycetes; o__Actinomycetales; f__Actinomycetaceae; g__Scrofimicrobium; s__Scrofimicrobium minihominis	0.9998170859149397
ee1956791b886ee43f92c113e82df9a1	d__Bacteria; p__Chloroflexota; c__Limnocylindria; o__QHBO01; f__QHBO01; g__CF-167; s__CF-167 sp005879775	0.9999750418060972
ee2148a7fb132d0c24c312b9e32e73b7	d__Bacteria; p__Bacillota_A_368345; c__Clostridia_258483; o__Lachnospirales; f__Lachnospiraceae; g__Lacrimispora; s__Hungatella xylanolytica	0.9868268481461917
ee4e05f60d9aa9fad928244a9830ec52	d__Bacteria; p__Planctomycetota; c__Planctomycetia; o__Pirellulales; f__Pirellulaceae; g__Roseimaritima; s__Roseimaritima sediminicola	0.8588622799768242
ee593b1322e5d34b3780a438a6897931	d__Bacteria; p__Pseudomonadota; c__Alphaproteobacteria; o__Micavibrionales; f__Micavibrionaceae; g__UBA1573; s__	0.9999999688651974
ee6454cdcbbce0d27e7f3fa9c1e2f0db	d__Bacteria; p__Actinomycetota; c__Actinomycetes; o__Streptosporangiales; f__Streptosporangiaceae; g__Bog-532; s__Bog-532 sp003164955	0.9650591521143752
ee9ffa5d7943775653f3debc0212175d	d__Bacteria; p__Actinomycetota; c__Actinomycetes; o__Actinomycetales; f__Actinomycetaceae; g__Scrofimicrobium; s__Scrofimicrobium canadense	0.7277763843105733
eea205e2199cabcd460c6764ffb71a3e	d__Bacteria; p__Bacillota_A_368345; c__Clostridia_258483; o__Oscillospirales; f__Butyricicoccaceae; g__Agathobaculum; s__	0.9967855851419888
eed0fd0a80dade586325421f164dc94c	d__Bacteria; p__Planctomycetota; c__Planctomycetia; o__Gemmatales; f__Gemmataceae; g__Gemmata; s__	0.8582825767798198
eed279e7f89c85a340e1c8ee4a43310d	d__Bacteria; p__Bacteroidota; c__Bacteroidia; o__Sphingobacteriales; f__Sphingobacteriaceae; g__Sphingobacterium	0.9999999994532965
eefaf42aa3481703873ea5b975cca9bf	d__Bacteria; p__Pseudomonadota; c__Gammaproteobacteria; o__Pseudomonadales_A_660879; f__Moraxellaceae; g__Psychrobacter; s__Psychrobacter maritimus	0.9419513090079029
ef355f8fa8b6b04053ef3c229ef139e6	d__Bacteria; p__Pseudomonadota; c__Alphaproteobacteria; o__Micavibrionales; f__UBA2020; g__JAPWJZ01; s__JAPWJZ01 sp004297545	0.9999999590974236
ef5797c0502d3608fe5780c1a1fa379f	d__Bacteria; p__Pseudomonadota; c__Gammaproteobacteria; o__Pseudomonadales_A_650612; f__Cellvibrionaceae; g__Cellvibrio; s__Cellvibrio japonicus	0.9963812708721044
ef6ad96d6a9faa739b1e42f64971314a	d__Bacteria; p__Bacteroidota; c__Bacteroidia; o__Sphingobacteriales; f__Sphingobacteriaceae; g__Sphingobacterium	0.9999995401930282
ef6ddbd2e05164f645c3d001a30bc09e	d__Bacteria; p__Bacillota_A_368345; c__Clostridia_258483; o__Peptostreptococcales; f__Natronincolaceae; g__Alkaliphilus_B	0.9999984578567788
ef77c6a9b221200c39190de152c422a8	d__Bacteria; p__Pseudomonadota; c__Alphaproteobacteria; o__Micavibrionales; f__Micavibrionaceae; g__UBA1573; s__	0.9897216303702111
ef9d78161451eb8b4dfeda4318fd32ce	d__Bacteria; p__Bacillota_A_368345; c__Clostridia_258483; o__Lachnospirales; f__Lachnospiraceae; g__Anaerosporobacter	0.996694629192251
efb8602f3d0765aaf09b975799823da9	d__Bacteria; p__Pseudomonadota; c__Gammaproteobacteria; o__Enterobacterales_737866; f__Enterobacteriaceae_A_729055	0.9998524208965772
f0177b54a56afa924a754b3947801031	d__Bacteria; p__Bacillota_I; c__Bacilli_A; o__Bacillales_B_306087; f__Caldibacillaceae	0.9009077712948967
f03602931bef5de4f28675f33dd20936	d__Bacteria; p__Bacteroidota; c__Bacteroidia; o__Bacteroidales; f__Bacteroidaceae; g__Bacteroides_H_857956	0.9999999999752054
f10b12befc8b62351acf53047f2505f6	d__Bacteria; p__Actinomycetota; c__Actinomycetes; o__Propionibacteriales; f__Nocardioidaceae; g__Nocardioides_A_392796	0.9999587390518734
f114484b443c15e845114f8e0f74a0ba	d__Bacteria; p__Bacteroidota; c__Bacteroidia; o__Sphingobacteriales; f__Sphingobacteriaceae; g__Sphingobacterium; s__Sphingobacterium composti	0.7722982992267896
f150e22abf80584e1cec2013a028fd26	d__Bacteria; p__Bacillota_I; c__Bacilli_A; o__Bacillales_D; f__Amphibacillaceae; g__Oceanobacillus_287537; s__Oceanobacillus oncorhynchi	0.9767372521110972
f16df4a1fab86ed65411c8de29ee191f	d__Bacteria; p__Bacillota_A_368345; c__Clostridia_258483; o__Clostridiales; f__Clostridiaceae_222000; g__Clostridium_AN; s__Clostridium_AN bornimense	0.9999999978081462
f1768b84eef16d22f8b39d33253b22ca	d__Bacteria; p__Bacillota_A_368345; c__Clostridia_258483; o__Oscillospirales; f__Acutalibacteraceae; g__RUG420; s__	0.992140532211023
f2074f0881737743e5c8a8114114dce3	d__Bacteria; p__Pseudomonadota; c__Gammaproteobacteria; o__Pseudomonadales_A_650611; f__Pseudomonadaceae; g__Thiopseudomonas; s__Thiopseudomonas sp002342705	0.998785859622063
f231378b1c401e0f343ffae0fb89f4ef	d__Bacteria; p__Actinomycetota; c__Actinomycetes; o__Streptosporangiales; f__Streptosporangiaceae; g__Nocardiopsis_D	0.9992922333607143
f278ddd51660a5d4dca2c520620cc38a	d__Bacteria; p__Actinomycetota; c__Actinomycetes; o__Actinomycetales; f__Dermatophilaceae; g__Ornithinimicrobium_A_390105; s__Ornithinimicrobium_A_390105 humiphilum	0.7342296011905582
f296c6fbf5e3856c186cbd4ffb408a2a	d__Bacteria; p__Bacillota_A_368345; c__Clostridia_258483; o__Peptostreptococcales; f__Peptostreptococcaceae_256921; g__Clostridioides_A; s__Clostridioides_A mangenotii	0.999999993361712
f2e4355abb553aed0f53a97b59f2acf2	d__Bacteria; p__Pseudomonadota; c__Gammaproteobacteria; o__Enterobacterales_737866; f__Enterobacteriaceae_A_725029	0.9738327138449583
f301009f6188501134a1948342e79f11	d__Bacteria; p__Bacillota_I; c__Bacilli_A; o__Bacillales_D; f__Amphibacillaceae	0.8185707549421681
f317a3bc28231cd055d5749b5886ab2d	d__Bacteria; p__Actinomycetota; c__Thermoleophilia; o__Solirubrobacterales; f__Solirubrobacteraceae; g__Solirubrobacter; s__Solirubrobacter soli	0.8691699048704142
f371bf783f7ad947fbeef3fe0ecc28f4	d__Bacteria; p__Bacillota_I; c__Bacilli_A; o__Bacillales_A; f__Planococcaceae; g__Rummeliibacillus; s__Rummeliibacillus stabekisii	0.9813536363670895
f3c94bc97c142c8b934a1ab7485f398d	d__Bacteria; p__Pseudomonadota; c__Gammaproteobacteria; o__Burkholderiales; f__Burkholderiaceae_A_595421	0.9999099717312744
f3ef3ad8df9ec6c43e343a177a8b3a33	d__Bacteria; p__Verrucomicrobiota; c__Verrucomicrobiae; o__Chthoniobacterales; f__Chthoniobacteraceae; g__; s__	0.9953080808529438
f41bd98a714457c96fa758bac6410baf	d__Bacteria; p__Pseudomonadota; c__Gammaproteobacteria; o__Pseudomonadales_A_650611; f__Pseudomonadaceae; g__Stutzerimonas_648792; s__Stutzerimonas saudiphocaensis	0.8192633013223273
f4386491d767ba7927d55edf7d072cee	d__Bacteria; p__Bacillota_I; c__Bacilli_A; o__Acholeplasmatales; f__Acholeplasmataceae; g__Acholeplasma_284947; s__Acholeplasma parvum	0.9999980852294357
f44e48ef01c5c878d183330100058abe	d__Bacteria; p__Pseudomonadota; c__Gammaproteobacteria; o__Cardiobacteriales; f__Wohlfahrtiimonadaceae; g__Ignatzschineria; s__Ignatzschineria larvae	0.746791708512337
f488a922e7432f905f0ba167b549b8fa	d__Bacteria	0.9999999999889628
f49ff8f5081a437896333dd7b4e6ec11	d__Bacteria; p__Bacillota_I; c__Bacilli_A; o__Bacillales_B_306087; f__Bacillaceae_C_302577; g__Lederbergia_A_302195; s__Lederbergia_A_302195 graminis	0.9907942335295373
f4c2353ec7786e25149393d0eaeeba82	d__Bacteria; p__Bacteroidota; c__Bacteroidia; o__Flavobacteriales_B_877923; f__Flavobacteriaceae; g__Flavobacterium; s__Flavobacterium odoratimimum	0.9976964385799927
f4cbea5b7ea9a9cb9e6b0c09f005aa46	d__Bacteria; p__Bacillota_I; c__Bacilli_A; o__Lactobacillales; f__Enterococcaceae; g__Enterococcus_C; s__Enterococcus_C diestrammenae	0.7683104458984804
f4ce9fff603d4faf61f84258795384c8	d__Bacteria; p__Pseudomonadota; c__Gammaproteobacteria; o__Pseudomonadales_A_641031; f__Halomonadaceae_641031; g__Marinospirillum; s__Marinospirillum minutulum	0.9999677993413321
f4e726b6583de616636e4ac25f56e823	d__Bacteria; p__Pseudomonadota; c__Alphaproteobacteria; o__Sphingomonadales; f__Sphingomonadaceae_486827; g__Sphingobium_A_485959	0.9947503643890845
f57ba77b3124291f379d669eaba5acd0	d__Bacteria; p__Pseudomonadota; c__Gammaproteobacteria; o__Pseudomonadales_A_650612; f__Cellvibrionaceae; g__Marinagarivorans; s__Marinagarivorans algicola	0.9999481699571209
f57e564d03d585f9814a73a9ce506bbf	d__Bacteria; p__Verrucomicrobiota; c__Verrucomicrobiae; o__Chthoniobacterales; f__Chthoniobacteraceae; g__; s__	0.9999489612610227
f583afa91b09030c75e9b7c3c7c8b7ae	d__Bacteria; p__Pseudomonadota; c__Gammaproteobacteria; o__Pseudomonadales_A_639862; f__Halomonadaceae_639862; g__Phytohalomonas; s__Phytohalomonas tamaricis	0.7740900216318771
f5aeadd561a7b0e0f243fe1c323f1d4c	d__Bacteria; p__Pseudomonadota; c__Gammaproteobacteria; o__Xanthomonadales; f__Xanthomonadaceae	0.9999999955874559
f5b0a8e71f4b29e84fc97b0832a9c836	d__Bacteria; p__Bacillota_I; c__Bacilli_A; o__Bacillales_D; f__Amphibacillaceae; g__Amphibacillus_B; s__Amphibacillus_B indicireducens	0.964338407357422
f5b341985929dfc60d342070d850295d	d__Bacteria; p__Pseudomonadota; c__Gammaproteobacteria; o__Burkholderiales; f__; g__; s__	0.910150496317671
f5b36d223324383df303174975ce46d5	d__Bacteria; p__Pseudomonadota; c__Gammaproteobacteria; o__Burkholderiales; f__Burkholderiaceae_A_595421; g__Ralstonia	0.9890117943686345
f5e77f9c97ac67e66e9c5ba4586593aa	d__Bacteria; p__Actinomycetota; c__Actinomycetes; o__Actinomycetales; f__Microbacteriaceae; g__Microbacterium_A_383321	0.9991084933742231
f618b164336d4b4b7c09cdb6e2fe64f8	d__Bacteria; p__Pseudomonadota; c__Alphaproteobacteria; o__Sphingomonadales; f__Sphingomonadaceae_486827; g__Novosphingobium	0.993282352058551
f69a73357135aa824e2681bfa4813362	d__Bacteria; p__Actinomycetota; c__Acidimicrobiia_401430; o__Acidimicrobiales; f__Microtrichaceae; g__; s__	0.9796452726142205
f6ec72c3c879aaa51e17f718d3505446	d__Bacteria; p__Bacillota_I; c__Bacilli_A	0.9220973212265383
f71ec2cc39741df74ce093a9bd47545a	d__Bacteria; p__Pseudomonadota; c__Alphaproteobacteria; o__Rhizobiales_505101; f__Beijerinckiaceae; g__Camelimonas; s__Camelimonas lactis	0.8919954110881841
f7776c15a0a15cfbca60f261933a4c47	d__Bacteria; p__Pseudomonadota; c__Alphaproteobacteria; o__Rhodobacterales; f__Rhodobacteraceae	0.9999242616636898
f7a41b4763a330f3ef9e7277dc746f48	d__Bacteria; p__Verrucomicrobiota; c__Verrucomicrobiae; o__Opitutales; f__Opitutaceae	0.9946056612963783
f7b4441a400d7d24b674a83892a0b157	d__Bacteria; p__Bacillota_C; c__Negativicutes; o__Sporomusales_A_41699; f__Acetonemaceae; g__Anaerosporomusa; s__Anaerosporomusa subterranea	0.9977240503583743
f7c0d24ae08cf2567b4e2817547209be	d__Bacteria; p__Actinomycetota; c__Actinomycetes; o__Actinomycetales; f__Actinomycetaceae	0.9999886440460006
f862513bc153c47e06dd3782898f051b	d__Bacteria; p__Bacillota_I; c__Bacilli_A; o__Paenibacillales; f__Paenibacillaceae_367444; g__Paenibacillus_T_364413	0.9964143593497328
f867beca5b8787cdf62448595ecef981	d__Bacteria; p__Bacillota_I; c__Bacilli_A; o__Lactobacillales; f__Aerococcaceae; g__Globicatella; s__Globicatella sulfidifaciens	0.8999819959579617
f87f0f35f6a1bcada09e77dba57b7652	d__Bacteria; p__Pseudomonadota; c__Alphaproteobacteria; o__Rhodobacterales; f__Rhodobacteraceae	0.9998571415346298
f8d5fe23936086a9bffd4babde273a53	d__Bacteria; p__Pseudomonadota; c__Gammaproteobacteria; o__Pseudomonadales_A_641035; f__DSM-6294_637244; g__Thalassolituus; s__Thalassolituus marinus	0.7845184850345117
f8e09f5b95f4cd92d9e1f361a93cc93d	d__Bacteria; p__Actinomycetota; c__Actinomycetes; o__Actinomycetales; f__Microbacteriaceae; g__Leucobacter	0.8090055779755195
f90dcad8c09baa3478e66eca24b30223	d__Bacteria; p__Bacteroidota; c__Bacteroidia; o__Bacteroidales; f__Paludibacteraceae	0.995666652267139
f93faaba432f031cc23aef891cc9a9c9	d__Bacteria; p__Verrucomicrobiota; c__Verrucomicrobiae; o__Chthoniobacterales	0.7268950164342309
f94a7249be508ed502e7cc75f79037e0	d__Bacteria; p__Actinomycetota; c__Actinomycetes; o__Actinomycetales; f__Cellulomonadaceae	0.7739933006405081
f95161dc3afa5f2cd7b2bcbdb79245d3	d__Bacteria; p__Pseudomonadota; c__Gammaproteobacteria	0.9999923077429336
f96db5d8b00879222beb9b8985ef771c	d__Bacteria; p__Actinomycetota; c__Actinomycetes; o__Actinomycetales	0.9999610112078552
f97714d223542a06af725bded021e672	d__Bacteria; p__Pseudomonadota; c__Alphaproteobacteria; o__Rhodobacterales; f__Rhodobacteraceae; g__Qingshengfaniella; s__Qingshengfaniella alkalisoli	0.7108176614855274
f97f6602d8a787febbec7f3ada627876	d__Bacteria; p__Bacillota_I; c__Bacilli_A; o__Bacillales_D; f__Amphibacillaceae; g__Oceanobacillus_287537	0.9998904758288217
fa0c570c44e14ca392ee0c46d3c068c2	d__Bacteria; p__Pseudomonadota; c__Gammaproteobacteria; o__Xanthomonadales; f__Xanthomonadaceae	0.9977421863158733
fa532ab8007232324bcfcc01e4efc775	d__Bacteria; p__Bacillota_I; c__Bacilli_A; o__Bacillales_D; f__Amphibacillaceae; g__Amphibacillus_B; s__Amphibacillus_B sediminis	0.9649311224453846
fac7d67fc539e874a433614f64dc9f88	d__Bacteria; p__Actinomycetota; c__Actinomycetes; o__Propionibacteriales; f__Nocardioidaceae; g__Aeromicrobium	0.9660771311577768
faccb7708ffa2f103cbedb3ed5cf5c55	d__Bacteria; p__Bacteroidota; c__Bacteroidia; o__Flavobacteriales_B_877923; f__Flavobacteriaceae; g__Flavobacterium; s__Myroides ceti	0.9366936752537426
fb760a82c086d89d52fdc3ab780757f0	d__Bacteria; p__Bacillota_I; c__Bacilli_A; o__Bacillales_D; f__Amphibacillaceae; g__Sinibacillus; s__Sinibacillus soli	0.9999721131493625
fbc3c997b9e0c183e599014e518aa9ca	d__Bacteria; p__Pseudomonadota; c__Alphaproteobacteria; o__Rhodobacterales; f__Rhodobacteraceae	0.9696970594651275
fbd02db3ee8d5e47fcc484d45bab864d	d__Bacteria; p__Actinomycetota; c__Actinomycetes; o__Actinomycetales; f__Actinomycetaceae; g__Scrofimicrobium; s__Scrofimicrobium canadense	0.9991675691896305
fc2c5a3a8d30954b7cb7a323572da6b6	d__Bacteria; p__Bacteroidota; c__Bacteroidia; o__Sphingobacteriales; f__Sphingobacteriaceae; g__Sphingobacterium	0.999344690165148
fc35029a31068a2a895f771b42e670b1	d__Bacteria; p__Bacillota_I; c__Bacilli_A; o__Paenibacillales; f__Paenibacillaceae_367444; g__Pristimantibacillus; s__Paenibacillus_T liaoningensis	0.9499116429842458
fc3f2d54c6888bf0f73687c9e573ea28	d__Bacteria; p__Pseudomonadota; c__Gammaproteobacteria; o__Pseudomonadales_A_660879; f__Moraxellaceae; g__Acinetobacter	0.9999999976853325
fc73fadd8b3a19f1151ef335d743a720	d__Bacteria; p__Bacteroidota; c__Bacteroidia; o__Flavobacteriales_B_877923; f__Flavobacteriaceae; g__Flavobacterium; s__Myroides cloacae	0.883005075270147
fc7db31cb1ae8996ae4a540a4e9178a2	d__Bacteria; p__Bacillota_I; c__Bacilli_A; o__Bacillales_A; f__Planococcaceae	0.7299571070458624
fc8a872d65c223e86b75fe3b8a63df12	d__Bacteria; p__Actinomycetota; c__Actinomycetes; o__Propionibacteriales; f__Nocardioidaceae; g__Nocardioides_A_392796	0.9824076701305136
fc9712c0635502983395b8dce8350a35	d__Bacteria; p__Bacillota_I; c__Bacilli_A; o__Bacillales_B_306087	0.7504214701685819
fc9b4df4c5a7f7e9e25df0e2c59947f4	d__Bacteria; p__Bacillota_I; c__Bacilli_A; o__Bacillales_B_306087	0.9992253764752763
fcd256b87f1e8d151209bdbaba0a9a9d	d__Bacteria; p__Pseudomonadota; c__Gammaproteobacteria; o__Xanthomonadales; f__Xanthomonadaceae; g__Stenotrophomonas_A_615274; s__Stenotrophomonas_A_615274 indicatrix	0.7176862595003101
fd2dbe09956b4d24ee469ca06bf085e6	d__Bacteria; p__Bacillota_A_368345; c__Clostridia_258483; o__Clostridiales; f__Clostridiaceae_222000; g__Clostridium_G; s__	0.9999969469341035
fda0746dace4494eb6cfd64b8b7d6036	d__Bacteria; p__Pseudomonadota; c__Gammaproteobacteria; o__Enterobacterales_737866; f__Enterobacteriaceae_A_732334	0.9999842554513427
fdb0de79058a4023e41cd3c97c40c9fc	d__Bacteria; p__Bacillota_I; c__Bacilli_A; o__Lactobacillales; f__Lactobacillaceae; g__Levilactobacillus	0.9953537328437749
fdcf30e6eecb82b95a6534b296e7cdbb	d__Bacteria; p__Pseudomonadota; c__Alphaproteobacteria	0.9999823114433695
fe1a5dbd7c492bcf737e55789cd01967	d__Bacteria; p__Pseudomonadota; c__Alphaproteobacteria; o__Rhizobiales_505101; f__Rhizobiaceae	0.9991334549390996
fe23a41fca0a92da9109c00428b3d15a	d__Bacteria; p__Pseudomonadota; c__Alphaproteobacteria	0.9996682371843617
fe564f1e5b6477f707895c7c2d8f8bad	d__Bacteria; p__Actinomycetota; c__Thermoleophilia; o__Solirubrobacterales; f__70-9; g__67-14; s__67-14 sp001897355	0.8521768498400023
feb89beb81bd301d19f9e4452cf9b5e7	d__Bacteria; p__Pseudomonadota; c__Gammaproteobacteria; o__Pseudomonadales_A_660879; f__Moraxellaceae; g__Psychrobacter	0.9999998238101626
fed57a16be0dc38493e07039f4ce65ef	d__Bacteria; p__Pseudomonadota; c__Alphaproteobacteria; o__Sphingomonadales; f__Sphingomonadaceae_486827	0.9999500272586643
fef23b2c0411dd31125ad897799cf77f	d__Bacteria; p__Pseudomonadota; c__Alphaproteobacteria; o__Rhizobiales_505101; f__Rhizobiaceae	0.99999964621676
ff02471877c1a7f53c39d73d375a6617	d__Bacteria; p__Bacillota_I; c__Bacilli_A; o__Bacillales_D; f__Amphibacillaceae; g__Gracilibacillus	0.9985504624190571
ff45df96d6ae48844fe50479e2aa79cf	d__Bacteria; p__Pseudomonadota; c__Gammaproteobacteria; o__Berkiellales; f__Berkiellaceae; g__Berkiella_A; s__Berkiella_A cookevillensis	0.9996597978657007
ff4b74ec14ac8f9e2aca6f3b5d9cdee0	d__Bacteria; p__Bacillota_I; c__Bacilli_A; o__Paenibacillales; f__Paenibacillaceae_367444; g__Paenibacillus_J_366884	0.9993767209544994
ff5bb7178461a1d687b91726213d994f	d__Bacteria; p__Pseudomonadota; c__Alphaproteobacteria; o__Micavibrionales; f__Micavibrionaceae; g__UBA1573; s__	0.9997742902063673
ff9b1549b3c09a9c60282cc4a5c4d2b8	d__Bacteria	0.9999995672969324
ffde91e2f3c9d646beb002ca96679162	d__Bacteria; p__Bacillota_A_368345; c__Clostridia_258483; o__Lachnospirales; f__Lachnospiraceae; g__; s__	0.715536611770138
